Date,Product,Quantity,Price,Customer,Region,Order ID
2024-08-01,Sunflower Oil 1L,15,185,CUST057,West,ORD10001
2024-08-01,Tea Powder 500g,9,240,CUST060,North,ORD10002
2024-08-01,Wheat Flour 10kg,6,430,CUST003,North,ORD10003
2024-08-01,Milk Powder 500g,10,275,CUST037,East,ORD10004
2024-08-01,Spice Mix Pack,32,95,CUST040,East,ORD10005
2024-08-02,Basmati Rice 5kg,8,520,CUST050,West,ORD10006
2024-08-02,Sunflower Oil 1L,34,185,CUST041,North,ORD10007
2024-08-02,Wheat Flour 10kg,9,430,CUST053,South,ORD10008
2024-08-02,Toor Dal 1kg,25,160,CUST030,West,ORD10009
2024-08-02,Detergent Powder 2kg,4,310,CUST017,West,ORD10010
2024-08-02,Spice Mix Pack,36,95,CUST043,South,ORD10011
2024-08-03,Basmati Rice 5kg,14,520,CUST008,East,ORD10012
2024-08-03,Sunflower Oil 1L,25,185,CUST017,East,ORD10013
2024-08-03,Wheat Flour 10kg,8,430,CUST021,North,ORD10014
2024-08-03,Detergent Powder 2kg,13,310,CUST012,East,ORD10015
2024-08-04,Tea Powder 500g,15,240,CUST036,East,ORD10016
2024-08-04,Wheat Flour 10kg,6,430,CUST055,East,ORD10017
2024-08-04,Toor Dal 1kg,18,160,CUST018,East,ORD10018
2024-08-05,Basmati Rice 5kg,11,520,CUST051,West,ORD10019
2024-08-05,Tea Powder 500g,13,240,CUST034,East,ORD10020
2024-08-05,Wheat Flour 10kg,5,430,CUST021,South,ORD10021
2024-08-05,Detergent Powder 2kg,15,310,CUST055,West,ORD10022
2024-08-06,Basmati Rice 5kg,9,520,CUST008,East,ORD10023
2024-08-06,Sunflower Oil 1L,14,185,CUST036,East,ORD10024
2024-08-06,Tea Powder 500g,16,240,CUST056,West,ORD10025
2024-08-06,Wheat Flour 10kg,10,430,CUST018,South,ORD10026
2024-08-06,Toor Dal 1kg,24,160,CUST002,East,ORD10027
2024-08-06,Detergent Powder 2kg,10,310,CUST059,South,ORD10028
2024-08-07,Sunflower Oil 1L,21,185,CUST007,West,ORD10029
2024-08-07,Tea Powder 500g,17,240,CUST027,East,ORD10030
2024-08-07,Wheat Flour 10kg,6,430,CUST038,North,ORD10031
2024-08-07,Toor Dal 1kg,13,160,CUST045,West,ORD10032
2024-08-07,Detergent Powder 2kg,7,310,CUST020,North,ORD10033
2024-08-07,Milk Powder 500g,8,275,CUST055,East,ORD10034
2024-08-07,Spice Mix Pack,20,95,CUST034,North,ORD10035
2024-08-08,Basmati Rice 5kg,10,520,CUST013,West,ORD10036
2024-08-08,Sunflower Oil 1L,27,185,CUST048,North,ORD10037
2024-08-08,Wheat Flour 10kg,9,430,CUST002,South,ORD10038
2024-08-08,Milk Powder 500g,10,275,CUST028,East,ORD10039
2024-08-09,Sunflower Oil 1L,26,185,CUST036,South,ORD10040
2024-08-09,Wheat Flour 10kg,8,430,CUST019,North,ORD10041
2024-08-09,Toor Dal 1kg,28,160,CUST018,South,ORD10042
2024-08-09,Detergent Powder 2kg,12,310,CUST057,West,ORD10043
2024-08-09,Milk Powder 500g,13,275,CUST039,East,ORD10044
2024-08-09,Spice Mix Pack,18,95,CUST002,East,ORD10045
2024-08-10,Tea Powder 500g,28,240,CUST025,East,ORD10046
2024-08-10,Wheat Flour 10kg,6,430,CUST034,North,ORD10047
2024-08-10,Detergent Powder 2kg,11,310,CUST008,South,ORD10048
2024-08-10,Milk Powder 500g,12,275,CUST043,North,ORD10049
2024-08-11,Sunflower Oil 1L,34,185,CUST053,East,ORD10050
2024-08-11,Toor Dal 1kg,25,160,CUST023,West,ORD10051
2024-08-11,Detergent Powder 2kg,16,310,CUST036,South,ORD10052
2024-08-11,Milk Powder 500g,14,275,CUST057,South,ORD10053
2024-08-11,Spice Mix Pack,18,95,CUST013,East,ORD10054
2024-08-12,Basmati Rice 5kg,11,520,CUST036,South,ORD10055
2024-08-12,Tea Powder 500g,12,240,CUST009,West,ORD10056
2024-08-12,Toor Dal 1kg,15,160,CUST029,West,ORD10057
2024-08-12,Detergent Powder 2kg,15,310,CUST057,West,ORD10058
2024-08-12,Milk Powder 500g,8,275,CUST028,North,ORD10059
2024-08-12,Spice Mix Pack,25,95,CUST020,East,ORD10060
2024-08-13,Basmati Rice 5kg,9,520,CUST032,West,ORD10061
2024-08-13,Sunflower Oil 1L,15,185,CUST029,South,ORD10062
2024-08-13,Tea Powder 500g,15,240,CUST022,South,ORD10063
2024-08-13,Wheat Flour 10kg,10,430,CUST010,South,ORD10064
2024-08-13,Toor Dal 1kg,24,160,CUST042,West,ORD10065
2024-08-13,Detergent Powder 2kg,15,310,CUST057,West,ORD10066
2024-08-13,Milk Powder 500g,9,275,CUST046,North,ORD10067
2024-08-13,Spice Mix Pack,19,95,CUST016,North,ORD10068
2024-08-14,Sunflower Oil 1L,24,185,CUST039,South,ORD10069
2024-08-14,Tea Powder 500g,14,240,CUST032,North,ORD10070
2024-08-14,Wheat Flour 10kg,8,430,CUST009,North,ORD10071
2024-08-14,Detergent Powder 2kg,12,310,CUST028,East,ORD10072
2024-08-14,Spice Mix Pack,22,95,CUST029,North,ORD10073
2024-08-15,Sunflower Oil 1L,26,185,CUST003,North,ORD10074
2024-08-15,Detergent Powder 2kg,10,310,CUST059,East,ORD10075
2024-08-15,Milk Powder 500g,10,275,CUST046,South,ORD10076
2024-08-15,Spice Mix Pack,28,95,CUST054,East,ORD10077
2024-08-16,Basmati Rice 5kg,11,520,CUST049,West,ORD10078
2024-08-16,Sunflower Oil 1L,31,185,CUST042,East,ORD10079
2024-08-16,Tea Powder 500g,22,240,CUST027,West,ORD10080
2024-08-16,Wheat Flour 10kg,10,430,CUST029,West,ORD10081
2024-08-16,Detergent Powder 2kg,17,310,CUST012,East,ORD10082
2024-08-16,Spice Mix Pack,21,95,CUST027,North,ORD10083
2024-08-17,Basmati Rice 5kg,17,520,CUST034,South,ORD10084
2024-08-17,Tea Powder 500g,26,240,CUST009,West,ORD10085
2024-08-17,Toor Dal 1kg,29,160,CUST006,West,ORD10086
2024-08-17,Detergent Powder 2kg,9,310,CUST011,East,ORD10087
2024-08-17,Milk Powder 500g,14,275,CUST031,North,ORD10088
2024-08-18,Sunflower Oil 1L,28,185,CUST017,West,ORD10089
2024-08-18,Toor Dal 1kg,26,160,CUST045,East,ORD10090
2024-08-18,Spice Mix Pack,26,95,CUST005,West,ORD10091
2024-08-19,Sunflower Oil 1L,16,185,CUST024,East,ORD10092
2024-08-19,Tea Powder 500g,20,240,CUST011,West,ORD10093
2024-08-19,Toor Dal 1kg,19,160,CUST029,North,ORD10094
2024-08-19,Detergent Powder 2kg,9,310,CUST043,East,ORD10095
2024-08-20,Sunflower Oil 1L,26,185,CUST024,West,ORD10096
2024-08-20,Tea Powder 500g,15,240,CUST059,North,ORD10097
2024-08-20,Wheat Flour 10kg,7,430,CUST048,South,ORD10098
2024-08-20,Toor Dal 1kg,22,160,CUST016,West,ORD10099
2024-08-20,Milk Powder 500g,1,275,CUST043,South,ORD10100
2024-08-21,Basmati Rice 5kg,5,520,CUST059,East,ORD10101
2024-08-21,Sunflower Oil 1L,18,185,CUST023,East,ORD10102
2024-08-21,Wheat Flour 10kg,11,430,CUST030,East,ORD10103
2024-08-21,Toor Dal 1kg,19,160,CUST023,North,ORD10104
2024-08-21,Detergent Powder 2kg,11,310,CUST042,North,ORD10105
2024-08-21,Milk Powder 500g,14,275,CUST046,South,ORD10106
2024-08-22,Sunflower Oil 1L,24,185,CUST029,East,ORD10107
2024-08-22,Wheat Flour 10kg,7,430,CUST052,North,ORD10108
2024-08-22,Milk Powder 500g,11,275,CUST020,West,ORD10109
2024-08-23,Tea Powder 500g,14,240,CUST035,West,ORD10110
2024-08-24,Sunflower Oil 1L,28,185,CUST007,East,ORD10111
2024-08-24,Tea Powder 500g,17,240,CUST027,South,ORD10112
2024-08-24,Toor Dal 1kg,25,160,CUST024,North,ORD10113
2024-08-24,Detergent Powder 2kg,14,310,CUST046,West,ORD10114
2024-08-24,Milk Powder 500g,10,275,CUST032,South,ORD10115
2024-08-24,Spice Mix Pack,35,95,CUST003,West,ORD10116
2024-08-25,Sunflower Oil 1L,32,185,CUST019,East,ORD10117
2024-08-25,Wheat Flour 10kg,9,430,CUST055,West,ORD10118
2024-08-25,Detergent Powder 2kg,12,310,CUST056,South,ORD10119
2024-08-25,Milk Powder 500g,14,275,CUST020,East,ORD10120
2024-08-25,Spice Mix Pack,24,95,CUST049,East,ORD10121
2024-08-26,Sunflower Oil 1L,27,185,CUST041,North,ORD10122
2024-08-26,Wheat Flour 10kg,8,430,CUST040,North,ORD10123
2024-08-26,Detergent Powder 2kg,10,310,CUST038,East,ORD10124
2024-08-26,Milk Powder 500g,9,275,CUST015,West,ORD10125
2024-08-26,Spice Mix Pack,25,95,CUST031,North,ORD10126
2024-08-27,Basmati Rice 5kg,8,520,CUST006,South,ORD10127
2024-08-27,Toor Dal 1kg,22,160,CUST037,East,ORD10128
2024-08-28,Basmati Rice 5kg,10,520,CUST053,East,ORD10129
2024-08-28,Detergent Powder 2kg,12,310,CUST053,East,ORD10130
2024-08-28,Spice Mix Pack,33,95,CUST025,South,ORD10131
2024-08-29,Basmati Rice 5kg,10,520,CUST042,West,ORD10132
2024-08-29,Tea Powder 500g,18,240,CUST005,South,ORD10133
2024-08-29,Wheat Flour 10kg,6,430,CUST026,South,ORD10134
2024-08-29,Toor Dal 1kg,15,160,CUST022,East,ORD10135
2024-08-29,Milk Powder 500g,5,275,CUST030,North,ORD10136
2024-08-30,Tea Powder 500g,13,240,CUST014,South,ORD10137
2024-08-30,Toor Dal 1kg,15,160,CUST017,South,ORD10138
2024-08-30,Detergent Powder 2kg,12,310,CUST034,North,ORD10139
2024-08-31,Tea Powder 500g,25,240,CUST029,North,ORD10140
2024-08-31,Wheat Flour 10kg,11,430,CUST009,West,ORD10141
2024-08-31,Detergent Powder 2kg,25,310,CUST014,West,ORD10142
2024-08-31,Milk Powder 500g,15,275,CUST024,West,ORD10143
2024-08-31,Spice Mix Pack,33,95,CUST045,East,ORD10144
2024-09-01,Wheat Flour 10kg,9,430,CUST012,North,ORD10145
2024-09-01,Toor Dal 1kg,29,160,CUST049,North,ORD10146
2024-09-01,Detergent Powder 2kg,19,310,CUST054,West,ORD10147
2024-09-01,Milk Powder 500g,14,275,CUST016,East,ORD10148
2024-09-02,Tea Powder 500g,20,240,CUST047,East,ORD10149
2024-09-02,Wheat Flour 10kg,9,430,CUST024,West,ORD10150
2024-09-02,Toor Dal 1kg,25,160,CUST039,North,ORD10151
2024-09-02,Detergent Powder 2kg,14,310,CUST020,North,ORD10152
2024-09-02,Milk Powder 500g,9,275,CUST042,East,ORD10153
2024-09-02,Spice Mix Pack,27,95,CUST016,East,ORD10154
2024-09-03,Basmati Rice 5kg,10,520,CUST057,South,ORD10155
2024-09-03,Sunflower Oil 1L,16,185,CUST007,South,ORD10156
2024-09-03,Tea Powder 500g,22,240,CUST057,West,ORD10157
2024-09-03,Milk Powder 500g,11,275,CUST008,North,ORD10158
2024-09-04,Basmati Rice 5kg,12,520,CUST013,South,ORD10159
2024-09-04,Sunflower Oil 1L,28,185,CUST009,South,ORD10160
2024-09-04,Tea Powder 500g,17,240,CUST015,East,ORD10161
2024-09-04,Wheat Flour 10kg,10,430,CUST008,North,ORD10162
2024-09-04,Detergent Powder 2kg,15,310,CUST025,North,ORD10163
2024-09-05,Tea Powder 500g,21,240,CUST038,North,ORD10164
2024-09-05,Wheat Flour 10kg,9,430,CUST060,North,ORD10165
2024-09-05,Toor Dal 1kg,24,160,CUST001,South,ORD10166
2024-09-05,Detergent Powder 2kg,11,310,CUST059,East,ORD10167
2024-09-05,Milk Powder 500g,10,275,CUST043,West,ORD10168
2024-09-05,Spice Mix Pack,31,95,CUST016,South,ORD10169
2024-09-06,Sunflower Oil 1L,14,185,CUST022,South,ORD10170
2024-09-06,Wheat Flour 10kg,8,430,CUST002,North,ORD10171
2024-09-06,Toor Dal 1kg,22,160,CUST020,South,ORD10172
2024-09-06,Detergent Powder 2kg,12,310,CUST052,East,ORD10173
2024-09-07,Tea Powder 500g,20,240,CUST054,North,ORD10174
2024-09-07,Wheat Flour 10kg,17,430,CUST042,South,ORD10175
2024-09-08,Basmati Rice 5kg,14,520,CUST034,East,ORD10176
2024-09-08,Sunflower Oil 1L,26,185,CUST049,North,ORD10177
2024-09-08,Wheat Flour 10kg,11,430,CUST054,West,ORD10178
2024-09-08,Detergent Powder 2kg,19,310,CUST005,East,ORD10179
2024-09-08,Milk Powder 500g,12,275,CUST060,South,ORD10180
2024-09-09,Tea Powder 500g,16,240,CUST002,West,ORD10181
2024-09-09,Wheat Flour 10kg,12,430,CUST005,North,ORD10182
2024-09-09,Detergent Powder 2kg,12,310,CUST031,South,ORD10183
2024-09-10,Basmati Rice 5kg,13,520,CUST035,South,ORD10184
2024-09-10,Tea Powder 500g,17,240,CUST012,East,ORD10185
2024-09-10,Wheat Flour 10kg,6,430,CUST032,West,ORD10186
2024-09-10,Toor Dal 1kg,15,160,CUST045,South,ORD10187
2024-09-10,Detergent Powder 2kg,10,310,CUST023,South,ORD10188
2024-09-10,Milk Powder 500g,13,275,CUST051,South,ORD10189
2024-09-10,Spice Mix Pack,37,95,CUST042,East,ORD10190
2024-09-11,Basmati Rice 5kg,10,520,CUST038,North,ORD10191
2024-09-11,Tea Powder 500g,21,240,CUST057,North,ORD10192
2024-09-11,Wheat Flour 10kg,7,430,CUST051,North,ORD10193
2024-09-11,Toor Dal 1kg,26,160,CUST050,West,ORD10194
2024-09-11,Detergent Powder 2kg,11,310,CUST031,West,ORD10195
2024-09-11,Spice Mix Pack,14,95,CUST013,West,ORD10196
2024-09-12,Sunflower Oil 1L,28,185,CUST015,West,ORD10197
2024-09-12,Wheat Flour 10kg,4,430,CUST046,North,ORD10198
2024-09-12,Toor Dal 1kg,22,160,CUST054,North,ORD10199
2024-09-12,Milk Powder 500g,11,275,CUST015,East,ORD10200
2024-09-12,Spice Mix Pack,24,95,CUST019,East,ORD10201
2024-09-13,Basmati Rice 5kg,9,520,CUST030,West,ORD10202
2024-09-13,Sunflower Oil 1L,31,185,CUST048,East,ORD10203
2024-09-13,Tea Powder 500g,21,240,CUST046,East,ORD10204
2024-09-13,Wheat Flour 10kg,10,430,CUST017,West,ORD10205
2024-09-13,Spice Mix Pack,32,95,CUST046,South,ORD10206
2024-09-14,Basmati Rice 5kg,10,520,CUST036,West,ORD10207
2024-09-14,Sunflower Oil 1L,31,185,CUST018,South,ORD10208
2024-09-14,Tea Powder 500g,20,240,CUST001,North,ORD10209
2024-09-14,Toor Dal 1kg,31,160,CUST025,North,ORD10210
2024-09-14,Detergent Powder 2kg,17,310,CUST047,North,ORD10211
2024-09-14,Milk Powder 500g,11,275,CUST031,South,ORD10212
2024-09-14,Spice Mix Pack,39,95,CUST027,South,ORD10213
2024-09-15,Basmati Rice 5kg,10,520,CUST012,West,ORD10214
2024-09-15,Tea Powder 500g,22,240,CUST023,North,ORD10215
2024-09-15,Wheat Flour 10kg,12,430,CUST057,West,ORD10216
2024-09-15,Milk Powder 500g,12,275,CUST045,South,ORD10217
2024-09-15,Spice Mix Pack,35,95,CUST009,North,ORD10218
2024-09-16,Basmati Rice 5kg,9,520,CUST058,South,ORD10219
2024-09-16,Tea Powder 500g,20,240,CUST044,North,ORD10220
2024-09-16,Toor Dal 1kg,21,160,CUST027,South,ORD10221
2024-09-16,Detergent Powder 2kg,13,310,CUST034,East,ORD10222
2024-09-17,Tea Powder 500g,25,240,CUST030,South,ORD10223
2024-09-17,Wheat Flour 10kg,7,430,CUST045,South,ORD10224
2024-09-17,Detergent Powder 2kg,15,310,CUST043,South,ORD10225
2024-09-17,Milk Powder 500g,9,275,CUST060,West,ORD10226
2024-09-17,Spice Mix Pack,31,95,CUST015,East,ORD10227
2024-09-18,Basmati Rice 5kg,11,520,CUST005,South,ORD10228
2024-09-18,Sunflower Oil 1L,21,185,CUST023,East,ORD10229
2024-09-18,Wheat Flour 10kg,7,430,CUST006,South,ORD10230
2024-09-18,Toor Dal 1kg,25,160,CUST054,West,ORD10231
2024-09-18,Milk Powder 500g,10,275,CUST017,East,ORD10232
2024-09-19,Basmati Rice 5kg,12,520,CUST002,North,ORD10233
2024-09-19,Sunflower Oil 1L,22,185,CUST013,North,ORD10234
2024-09-19,Tea Powder 500g,26,240,CUST056,South,ORD10235
2024-09-19,Wheat Flour 10kg,11,430,CUST009,East,ORD10236
2024-09-19,Milk Powder 500g,13,275,CUST002,East,ORD10237
2024-09-19,Spice Mix Pack,29,95,CUST022,West,ORD10238
2024-09-20,Wheat Flour 10kg,11,430,CUST057,South,ORD10239
2024-09-20,Toor Dal 1kg,28,160,CUST028,West,ORD10240
2024-09-20,Spice Mix Pack,33,95,CUST035,West,ORD10241
2024-09-21,Basmati Rice 5kg,13,520,CUST021,North,ORD10242
2024-09-21,Sunflower Oil 1L,38,185,CUST059,North,ORD10243
2024-09-21,Wheat Flour 10kg,8,430,CUST035,South,ORD10244
2024-09-21,Toor Dal 1kg,39,160,CUST012,West,ORD10245
2024-09-21,Detergent Powder 2kg,11,310,CUST047,North,ORD10246
2024-09-21,Spice Mix Pack,40,95,CUST028,North,ORD10247
2024-09-22,Sunflower Oil 1L,38,185,CUST032,East,ORD10248
2024-09-22,Tea Powder 500g,19,240,CUST048,South,ORD10249
2024-09-22,Toor Dal 1kg,26,160,CUST038,South,ORD10250
2024-09-22,Detergent Powder 2kg,11,310,CUST043,South,ORD10251
2024-09-22,Milk Powder 500g,11,275,CUST002,West,ORD10252
2024-09-22,Spice Mix Pack,44,95,CUST048,North,ORD10253
2024-09-23,Sunflower Oil 1L,23,185,CUST032,North,ORD10254
2024-09-23,Tea Powder 500g,21,240,CUST014,South,ORD10255
2024-09-23,Wheat Flour 10kg,8,430,CUST057,West,ORD10256
2024-09-24,Tea Powder 500g,15,240,CUST038,West,ORD10257
2024-09-24,Wheat Flour 10kg,8,430,CUST042,South,ORD10258
2024-09-24,Detergent Powder 2kg,11,310,CUST032,South,ORD10259
2024-09-24,Spice Mix Pack,32,95,CUST045,South,ORD10260
2024-09-25,Sunflower Oil 1L,20,185,CUST013,North,ORD10261
2024-09-25,Wheat Flour 10kg,8,430,CUST057,East,ORD10262
2024-09-25,Toor Dal 1kg,34,160,CUST056,West,ORD10263
2024-09-25,Detergent Powder 2kg,12,310,CUST022,North,ORD10264
2024-09-25,Milk Powder 500g,11,275,CUST053,East,ORD10265
2024-09-26,Basmati Rice 5kg,12,520,CUST002,West,ORD10266
2024-09-26,Sunflower Oil 1L,25,185,CUST042,North,ORD10267
2024-09-26,Toor Dal 1kg,24,160,CUST009,North,ORD10268
2024-09-26,Detergent Powder 2kg,12,310,CUST028,West,ORD10269
2024-09-26,Milk Powder 500g,11,275,CUST026,North,ORD10270
2024-09-26,Spice Mix Pack,27,95,CUST006,South,ORD10271
2024-09-27,Sunflower Oil 1L,25,185,CUST045,North,ORD10272
2024-09-27,Wheat Flour 10kg,12,430,CUST030,East,ORD10273
2024-09-27,Toor Dal 1kg,20,160,CUST025,North,ORD10274
2024-09-27,Spice Mix Pack,32,95,CUST047,South,ORD10275
2024-09-28,Basmati Rice 5kg,13,520,CUST060,North,ORD10276
2024-09-28,Sunflower Oil 1L,20,185,CUST002,West,ORD10277
2024-09-28,Tea Powder 500g,5,240,CUST016,East,ORD10278
2024-09-28,Toor Dal 1kg,29,160,CUST033,East,ORD10279
2024-09-28,Milk Powder 500g,17,275,CUST034,North,ORD10280
2024-09-29,Basmati Rice 5kg,17,520,CUST046,East,ORD10281
2024-09-29,Tea Powder 500g,20,240,CUST046,East,ORD10282
2024-09-29,Wheat Flour 10kg,10,430,CUST050,North,ORD10283
2024-09-29,Milk Powder 500g,15,275,CUST004,South,ORD10284
2024-09-29,Spice Mix Pack,39,95,CUST060,North,ORD10285
2024-09-30,Tea Powder 500g,17,240,CUST055,West,ORD10286
2024-09-30,Toor Dal 1kg,26,160,CUST004,West,ORD10287
2024-09-30,Milk Powder 500g,11,275,CUST055,East,ORD10288
2024-10-01,Sunflower Oil 1L,34,185,CUST012,South,ORD10289
2024-10-01,Toor Dal 1kg,24,160,CUST030,West,ORD10290
2024-10-01,Milk Powder 500g,8,275,CUST018,North,ORD10291
2024-10-02,Basmati Rice 5kg,11,520,CUST019,East,ORD10292
2024-10-02,Sunflower Oil 1L,33,185,CUST001,West,ORD10293
2024-10-02,Tea Powder 500g,23,240,CUST028,West,ORD10294
2024-10-02,Wheat Flour 10kg,12,430,CUST011,North,ORD10295
2024-10-02,Detergent Powder 2kg,5,310,CUST048,East,ORD10296
2024-10-03,Basmati Rice 5kg,14,520,CUST016,South,ORD10297
2024-10-03,Tea Powder 500g,17,240,CUST053,North,ORD10298
2024-10-03,Toor Dal 1kg,20,160,CUST004,West,ORD10299
2024-10-03,Milk Powder 500g,15,275,CUST044,South,ORD10300
2024-10-04,Sunflower Oil 1L,31,185,CUST058,South,ORD10301
2024-10-04,Wheat Flour 10kg,11,430,CUST030,East,ORD10302
2024-10-04,Detergent Powder 2kg,17,310,CUST033,South,ORD10303
2024-10-04,Milk Powder 500g,15,275,CUST033,East,ORD10304
2024-10-04,Spice Mix Pack,56,95,CUST011,North,ORD10305
2024-10-05,Sunflower Oil 1L,30,185,CUST012,East,ORD10306
2024-10-05,Tea Powder 500g,36,240,CUST053,North,ORD10307
2024-10-06,Basmati Rice 5kg,13,520,CUST059,South,ORD10308
2024-10-06,Toor Dal 1kg,20,160,CUST045,West,ORD10309
2024-10-06,Detergent Powder 2kg,14,310,CUST015,North,ORD10310
2024-10-06,Milk Powder 500g,19,275,CUST053,South,ORD10311
2024-10-07,Basmati Rice 5kg,12,520,CUST036,South,ORD10312
2024-10-07,Sunflower Oil 1L,34,185,CUST037,North,ORD10313
2024-10-07,Tea Powder 500g,22,240,CUST029,North,ORD10314
2024-10-07,Detergent Powder 2kg,15,310,CUST025,West,ORD10315
2024-10-07,Milk Powder 500g,14,275,CUST052,East,ORD10316
2024-10-07,Spice Mix Pack,46,95,CUST048,West,ORD10317
2024-10-08,Sunflower Oil 1L,38,185,CUST033,North,ORD10318
2024-10-08,Tea Powder 500g,21,240,CUST048,South,ORD10319
2024-10-08,Wheat Flour 10kg,9,430,CUST034,North,ORD10320
2024-10-08,Toor Dal 1kg,26,160,CUST053,West,ORD10321
2024-10-08,Detergent Powder 2kg,13,310,CUST004,West,ORD10322
2024-10-08,Milk Powder 500g,6,275,CUST041,South,ORD10323
2024-10-08,Spice Mix Pack,24,95,CUST047,North,ORD10324
2024-10-09,Basmati Rice 5kg,17,520,CUST057,East,ORD10325
2024-10-09,Sunflower Oil 1L,24,185,CUST049,North,ORD10326
2024-10-09,Wheat Flour 10kg,11,430,CUST029,North,ORD10327
2024-10-09,Toor Dal 1kg,29,160,CUST014,South,ORD10328
2024-10-09,Spice Mix Pack,44,95,CUST005,North,ORD10329
2024-10-10,Basmati Rice 5kg,16,520,CUST005,West,ORD10330
2024-10-10,Sunflower Oil 1L,31,185,CUST002,East,ORD10331
2024-10-10,Tea Powder 500g,28,240,CUST007,North,ORD10332
2024-10-10,Toor Dal 1kg,28,160,CUST021,West,ORD10333
2024-10-10,Milk Powder 500g,13,275,CUST002,North,ORD10334
2024-10-11,Basmati Rice 5kg,10,520,CUST052,East,ORD10335
2024-10-11,Sunflower Oil 1L,39,185,CUST009,North,ORD10336
2024-10-11,Tea Powder 500g,25,240,CUST018,East,ORD10337
2024-10-11,Toor Dal 1kg,30,160,CUST011,West,ORD10338
2024-10-11,Spice Mix Pack,53,95,CUST020,North,ORD10339
2024-10-12,Sunflower Oil 1L,48,185,CUST002,North,ORD10340
2024-10-12,Tea Powder 500g,23,240,CUST008,North,ORD10341
2024-10-13,Basmati Rice 5kg,11,520,CUST003,North,ORD10342
2024-10-13,Toor Dal 1kg,43,160,CUST008,North,ORD10343
2024-10-13,Milk Powder 500g,10,275,CUST020,South,ORD10344
2024-10-13,Spice Mix Pack,47,95,CUST002,North,ORD10345
2024-10-14,Basmati Rice 5kg,14,520,CUST004,East,ORD10346
2024-10-14,Sunflower Oil 1L,33,185,CUST031,North,ORD10347
2024-10-14,Wheat Flour 10kg,11,430,CUST040,South,ORD10348
2024-10-14,Toor Dal 1kg,24,160,CUST029,South,ORD10349
2024-10-14,Detergent Powder 2kg,17,310,CUST054,West,ORD10350
2024-10-14,Milk Powder 500g,11,275,CUST003,West,ORD10351
2024-10-14,Spice Mix Pack,21,95,CUST057,North,ORD10352
2024-10-15,Sunflower Oil 1L,16,185,CUST029,West,ORD10353
2024-10-15,Wheat Flour 10kg,11,430,CUST006,East,ORD10354
2024-10-15,Toor Dal 1kg,19,160,CUST042,North,ORD10355
2024-10-15,Detergent Powder 2kg,5,310,CUST013,North,ORD10356
2024-10-15,Spice Mix Pack,34,95,CUST005,West,ORD10357
2024-10-16,Tea Powder 500g,20,240,CUST031,West,ORD10358
2024-10-16,Wheat Flour 10kg,11,430,CUST034,North,ORD10359
2024-10-16,Milk Powder 500g,7,275,CUST060,South,ORD10360
2024-10-16,Spice Mix Pack,41,95,CUST020,North,ORD10361
2024-10-17,Basmati Rice 5kg,13,520,CUST020,South,ORD10362
2024-10-17,Sunflower Oil 1L,31,185,CUST003,South,ORD10363
2024-10-17,Tea Powder 500g,32,240,CUST013,South,ORD10364
2024-10-17,Wheat Flour 10kg,12,430,CUST015,South,ORD10365
2024-10-17,Toor Dal 1kg,31,160,CUST050,South,ORD10366
2024-10-17,Detergent Powder 2kg,5,310,CUST027,East,ORD10367
2024-10-17,Milk Powder 500g,10,275,CUST048,South,ORD10368
2024-10-17,Spice Mix Pack,44,95,CUST001,West,ORD10369
2024-10-18,Tea Powder 500g,21,240,CUST053,West,ORD10370
2024-10-18,Wheat Flour 10kg,10,430,CUST030,North,ORD10371
2024-10-18,Toor Dal 1kg,33,160,CUST057,South,ORD10372
2024-10-18,Milk Powder 500g,10,275,CUST020,West,ORD10373
2024-10-18,Spice Mix Pack,28,95,CUST031,South,ORD10374
2024-10-19,Basmati Rice 5kg,20,520,CUST052,South,ORD10375
2024-10-19,Wheat Flour 10kg,7,430,CUST025,West,ORD10376
2024-10-19,Detergent Powder 2kg,26,310,CUST045,North,ORD10377
2024-10-19,Milk Powder 500g,16,275,CUST003,West,ORD10378
2024-10-20,Basmati Rice 5kg,10,520,CUST038,West,ORD10379
2024-10-20,Sunflower Oil 1L,46,185,CUST003,North,ORD10380
2024-10-20,Tea Powder 500g,37,240,CUST056,North,ORD10381
2024-10-20,Wheat Flour 10kg,15,430,CUST054,North,ORD10382
2024-10-20,Toor Dal 1kg,42,160,CUST053,West,ORD10383
2024-10-20,Detergent Powder 2kg,22,310,CUST023,West,ORD10384
2024-10-20,Milk Powder 500g,17,275,CUST060,West,ORD10385
2024-10-21,Sunflower Oil 1L,22,185,CUST034,South,ORD10386
2024-10-21,Toor Dal 1kg,28,160,CUST057,West,ORD10387
2024-10-21,Detergent Powder 2kg,17,310,CUST019,South,ORD10388
2024-10-21,Spice Mix Pack,38,95,CUST028,South,ORD10389
2024-10-22,Basmati Rice 5kg,11,520,CUST051,West,ORD10390
2024-10-22,Tea Powder 500g,18,240,CUST060,North,ORD10391
2024-10-22,Spice Mix Pack,28,95,CUST034,North,ORD10392
2024-10-23,Basmati Rice 5kg,12,520,CUST059,North,ORD10393
2024-10-23,Wheat Flour 10kg,8,430,CUST012,South,ORD10394
2024-10-23,Detergent Powder 2kg,17,310,CUST008,South,ORD10395
2024-10-23,Milk Powder 500g,17,275,CUST048,North,ORD10396
2024-10-23,Spice Mix Pack,34,95,CUST016,West,ORD10397
2024-10-24,Sunflower Oil 1L,35,185,CUST010,East,ORD10398
2024-10-24,Tea Powder 500g,21,240,CUST027,East,ORD10399
2024-10-24,Wheat Flour 10kg,15,430,CUST020,East,ORD10400
2024-10-24,Detergent Powder 2kg,15,310,CUST012,West,ORD10401
2024-10-24,Spice Mix Pack,22,95,CUST059,West,ORD10402
2024-10-25,Tea Powder 500g,28,240,CUST059,West,ORD10403
2024-10-25,Wheat Flour 10kg,18,430,CUST054,East,ORD10404
2024-10-25,Toor Dal 1kg,40,160,CUST009,West,ORD10405
2024-10-25,Detergent Powder 2kg,12,310,CUST058,North,ORD10406
2024-10-25,Milk Powder 500g,14,275,CUST033,North,ORD10407
2024-10-26,Toor Dal 1kg,50,160,CUST040,North,ORD10408
2024-10-26,Detergent Powder 2kg,20,310,CUST053,North,ORD10409
2024-10-27,Basmati Rice 5kg,15,520,CUST053,East,ORD10410
2024-10-27,Detergent Powder 2kg,15,310,CUST008,East,ORD10411
2024-10-27,Milk Powder 500g,17,275,CUST046,East,ORD10412
2024-10-28,Sunflower Oil 1L,28,185,CUST017,West,ORD10413
2024-10-28,Tea Powder 500g,27,240,CUST021,West,ORD10414
2024-10-28,Wheat Flour 10kg,10,430,CUST009,West,ORD10415
2024-10-28,Milk Powder 500g,12,275,CUST041,North,ORD10416
2024-10-28,Spice Mix Pack,29,95,CUST050,North,ORD10417
2024-10-29,Basmati Rice 5kg,15,520,CUST006,North,ORD10418
2024-10-29,Sunflower Oil 1L,28,185,CUST009,East,ORD10419
2024-10-29,Toor Dal 1kg,28,160,CUST052,North,ORD10420
2024-10-29,Detergent Powder 2kg,10,310,CUST008,East,ORD10421
2024-10-29,Spice Mix Pack,43,95,CUST046,North,ORD10422
2024-10-30,Basmati Rice 5kg,15,520,CUST039,East,ORD10423
2024-10-30,Sunflower Oil 1L,36,185,CUST005,North,ORD10424
2024-10-30,Tea Powder 500g,21,240,CUST034,West,ORD10425
2024-10-30,Toor Dal 1kg,24,160,CUST021,East,ORD10426
2024-10-30,Detergent Powder 2kg,19,310,CUST048,South,ORD10427
2024-10-30,Milk Powder 500g,15,275,CUST021,East,ORD10428
2024-10-31,Basmati Rice 5kg,14,520,CUST043,East,ORD10429
2024-10-31,Sunflower Oil 1L,36,185,CUST058,North,ORD10430
2024-10-31,Wheat Flour 10kg,13,430,CUST029,West,ORD10431
2024-10-31,Detergent Powder 2kg,12,310,CUST032,South,ORD10432
2024-10-31,Milk Powder 500g,11,275,CUST012,North,ORD10433
2024-10-31,Spice Mix Pack,28,95,CUST042,South,ORD10434
2024-11-01,Basmati Rice 5kg,8,520,CUST029,West,ORD10435
2024-11-01,Sunflower Oil 1L,35,185,CUST059,West,ORD10436
2024-11-01,Tea Powder 500g,24,240,CUST021,West,ORD10437
2024-11-01,Toor Dal 1kg,35,160,CUST007,West,ORD10438
2024-11-01,Spice Mix Pack,43,95,CUST034,West,ORD10439
2024-11-02,Basmati Rice 5kg,11,520,CUST039,North,ORD10440
2024-11-02,Sunflower Oil 1L,54,185,CUST051,West,ORD10441
2024-11-02,Tea Powder 500g,32,240,CUST054,South,ORD10442
2024-11-02,Toor Dal 1kg,31,160,CUST015,East,ORD10443
2024-11-02,Detergent Powder 2kg,22,310,CUST035,East,ORD10444
2024-11-03,Basmati Rice 5kg,15,520,CUST054,East,ORD10445
2024-11-03,Sunflower Oil 1L,43,185,CUST040,South,ORD10446
2024-11-03,Tea Powder 500g,23,240,CUST037,South,ORD10447
2024-11-03,Wheat Flour 10kg,9,430,CUST028,North,ORD10448
2024-11-03,Toor Dal 1kg,28,160,CUST037,West,ORD10449
2024-11-03,Detergent Powder 2kg,18,310,CUST009,East,ORD10450
2024-11-03,Spice Mix Pack,38,95,CUST041,North,ORD10451
2024-11-04,Basmati Rice 5kg,13,520,CUST045,East,ORD10452
2024-11-04,Tea Powder 500g,20,240,CUST007,South,ORD10453
2024-11-04,Wheat Flour 10kg,9,430,CUST024,East,ORD10454
2024-11-04,Toor Dal 1kg,27,160,CUST009,East,ORD10455
2024-11-04,Milk Powder 500g,11,275,CUST001,West,ORD10456
2024-11-05,Basmati Rice 5kg,10,520,CUST022,West,ORD10457
2024-11-05,Sunflower Oil 1L,18,185,CUST013,South,ORD10458
2024-11-05,Milk Powder 500g,17,275,CUST016,South,ORD10459
2024-11-05,Spice Mix Pack,31,95,CUST015,East,ORD10460
2024-11-06,Sunflower Oil 1L,23,185,CUST057,South,ORD10461
2024-11-06,Tea Powder 500g,18,240,CUST036,South,ORD10462
2024-11-06,Wheat Flour 10kg,7,430,CUST042,East,ORD10463
2024-11-06,Detergent Powder 2kg,10,310,CUST049,West,ORD10464
2024-11-06,Milk Powder 500g,13,275,CUST035,South,ORD10465
2024-11-07,Basmati Rice 5kg,10,520,CUST010,East,ORD10466
2024-11-07,Sunflower Oil 1L,22,185,CUST006,North,ORD10467
2024-11-07,Tea Powder 500g,17,240,CUST043,South,ORD10468
2024-11-07,Wheat Flour 10kg,11,430,CUST038,North,ORD10469
2024-11-07,Detergent Powder 2kg,12,310,CUST029,South,ORD10470
2024-11-07,Milk Powder 500g,10,275,CUST009,North,ORD10471
2024-11-07,Spice Mix Pack,30,95,CUST055,North,ORD10472
2024-11-08,Sunflower Oil 1L,36,185,CUST011,West,ORD10473
2024-11-08,Wheat Flour 10kg,12,430,CUST024,North,ORD10474
2024-11-08,Milk Powder 500g,12,275,CUST015,North,ORD10475
2024-11-08,Spice Mix Pack,39,95,CUST059,South,ORD10476
2024-11-09,Basmati Rice 5kg,17,520,CUST004,East,ORD10477
2024-11-09,Sunflower Oil 1L,41,185,CUST051,North,ORD10478
2024-11-09,Tea Powder 500g,24,240,CUST043,East,ORD10479
2024-11-09,Wheat Flour 10kg,14,430,CUST017,South,ORD10480
2024-11-09,Toor Dal 1kg,22,160,CUST042,South,ORD10481
2024-11-09,Detergent Powder 2kg,21,310,CUST039,South,ORD10482
2024-11-09,Spice Mix Pack,34,95,CUST012,South,ORD10483
2024-11-10,Basmati Rice 5kg,10,520,CUST049,North,ORD10484
2024-11-10,Toor Dal 1kg,32,160,CUST022,West,ORD10485
2024-11-10,Milk Powder 500g,16,275,CUST050,West,ORD10486
2024-11-10,Spice Mix Pack,33,95,CUST006,East,ORD10487
2024-11-11,Basmati Rice 5kg,11,520,CUST039,West,ORD10488
2024-11-11,Sunflower Oil 1L,27,185,CUST026,East,ORD10489
2024-11-11,Tea Powder 500g,18,240,CUST036,North,ORD10490
2024-11-11,Wheat Flour 10kg,11,430,CUST060,West,ORD10491
2024-11-11,Toor Dal 1kg,24,160,CUST048,South,ORD10492
2024-11-12,Toor Dal 1kg,34,160,CUST055,West,ORD10493
2024-11-12,Milk Powder 500g,10,275,CUST051,East,ORD10494
2024-11-13,Basmati Rice 5kg,15,520,CUST035,North,ORD10495
2024-11-13,Sunflower Oil 1L,25,185,CUST002,North,ORD10496
2024-11-13,Toor Dal 1kg,24,160,CUST025,West,ORD10497
2024-11-13,Detergent Powder 2kg,16,310,CUST052,North,ORD10498
2024-11-13,Milk Powder 500g,12,275,CUST046,North,ORD10499
2024-11-14,Basmati Rice 5kg,12,520,CUST017,East,ORD10500
2024-11-14,Tea Powder 500g,24,240,CUST002,East,ORD10501
2024-11-14,Wheat Flour 10kg,13,430,CUST045,East,ORD10502
2024-11-14,Toor Dal 1kg,25,160,CUST007,West,ORD10503
2024-11-14,Detergent Powder 2kg,14,310,CUST049,South,ORD10504
2024-11-14,Spice Mix Pack,31,95,CUST051,East,ORD10505
2024-11-15,Basmati Rice 5kg,10,520,CUST016,South,ORD10506
2024-11-15,Tea Powder 500g,26,240,CUST044,West,ORD10507
2024-11-15,Wheat Flour 10kg,6,430,CUST052,North,ORD10508
2024-11-15,Toor Dal 1kg,28,160,CUST033,West,ORD10509
2024-11-15,Detergent Powder 2kg,13,310,CUST043,West,ORD10510
2024-11-16,Basmati Rice 5kg,13,520,CUST016,East,ORD10511
2024-11-16,Tea Powder 500g,26,240,CUST024,West,ORD10512
2024-11-16,Wheat Flour 10kg,15,430,CUST012,East,ORD10513
2024-11-16,Toor Dal 1kg,35,160,CUST010,West,ORD10514
2024-11-16,Detergent Powder 2kg,14,310,CUST060,South,ORD10515
2024-11-16,Milk Powder 500g,24,275,CUST028,South,ORD10516
2024-11-17,Basmati Rice 5kg,20,520,CUST059,South,ORD10517
2024-11-17,Sunflower Oil 1L,32,185,CUST038,North,ORD10518
2024-11-17,Wheat Flour 10kg,14,430,CUST041,South,ORD10519
2024-11-17,Toor Dal 1kg,31,160,CUST047,West,ORD10520
2024-11-17,Detergent Powder 2kg,14,310,CUST040,South,ORD10521
2024-11-18,Basmati Rice 5kg,14,520,CUST005,West,ORD10522
2024-11-18,Sunflower Oil 1L,27,185,CUST041,North,ORD10523
2024-11-18,Toor Dal 1kg,17,160,CUST044,East,ORD10524
2024-11-18,Detergent Powder 2kg,18,310,CUST040,South,ORD10525
2024-11-18,Milk Powder 500g,8,275,CUST050,West,ORD10526
2024-11-18,Spice Mix Pack,25,95,CUST043,East,ORD10527
2024-11-19,Basmati Rice 5kg,11,520,CUST051,West,ORD10528
2024-11-19,Tea Powder 500g,25,240,CUST055,North,ORD10529
2024-11-19,Wheat Flour 10kg,10,430,CUST004,West,ORD10530
2024-11-19,Spice Mix Pack,34,95,CUST019,West,ORD10531
2024-11-20,Basmati Rice 5kg,13,520,CUST038,East,ORD10532
2024-11-20,Sunflower Oil 1L,24,185,CUST019,South,ORD10533
2024-11-20,Tea Powder 500g,15,240,CUST048,North,ORD10534
2024-11-20,Wheat Flour 10kg,11,430,CUST041,South,ORD10535
2024-11-20,Toor Dal 1kg,22,160,CUST005,South,ORD10536
2024-11-20,Detergent Powder 2kg,11,310,CUST018,East,ORD10537
2024-11-20,Milk Powder 500g,12,275,CUST004,West,ORD10538
2024-11-21,Basmati Rice 5kg,10,520,CUST032,West,ORD10539
2024-11-21,Sunflower Oil 1L,33,185,CUST008,East,ORD10540
2024-11-21,Wheat Flour 10kg,11,430,CUST029,East,ORD10541
2024-11-21,Toor Dal 1kg,23,160,CUST009,North,ORD10542
2024-11-21,Milk Powder 500g,11,275,CUST040,South,ORD10543
2024-11-21,Spice Mix Pack,23,95,CUST021,West,ORD10544
2024-11-22,Basmati Rice 5kg,11,520,CUST010,West,ORD10545
2024-11-22,Tea Powder 500g,18,240,CUST058,North,ORD10546
2024-11-22,Wheat Flour 10kg,10,430,CUST003,East,ORD10547
2024-11-22,Detergent Powder 2kg,13,310,CUST055,West,ORD10548
2024-11-23,Basmati Rice 5kg,17,520,CUST060,South,ORD10549
2024-11-23,Tea Powder 500g,29,240,CUST012,West,ORD10550
2024-11-23,Toor Dal 1kg,17,160,CUST040,East,ORD10551
2024-11-23,Detergent Powder 2kg,13,310,CUST038,South,ORD10552
2024-11-23,Spice Mix Pack,51,95,CUST028,East,ORD10553
2024-11-24,Basmati Rice 5kg,14,520,CUST049,South,ORD10554
2024-11-24,Wheat Flour 10kg,9,430,CUST059,West,ORD10555
2024-11-24,Detergent Powder 2kg,8,310,CUST044,West,ORD10556
2024-11-24,Milk Powder 500g,17,275,CUST055,North,ORD10557
2024-11-24,Spice Mix Pack,23,95,CUST015,North,ORD10558
2024-11-25,Basmati Rice 5kg,13,520,CUST038,North,ORD10559
2024-11-25,Sunflower Oil 1L,27,185,CUST023,South,ORD10560
2024-11-25,Tea Powder 500g,27,240,CUST015,West,ORD10561
2024-11-25,Toor Dal 1kg,19,160,CUST016,South,ORD10562
2024-11-25,Detergent Powder 2kg,12,310,CUST025,South,ORD10563
2024-11-25,Milk Powder 500g,19,275,CUST034,North,ORD10564
2024-11-25,Spice Mix Pack,35,95,CUST053,North,ORD10565
2024-11-26,Basmati Rice 5kg,10,520,CUST043,West,ORD10566
2024-11-26,Detergent Powder 2kg,12,310,CUST021,East,ORD10567
2024-11-26,Milk Powder 500g,12,275,CUST047,South,ORD10568
2024-11-26,Spice Mix Pack,31,95,CUST025,East,ORD10569
2024-11-27,Basmati Rice 5kg,16,520,CUST051,East,ORD10570
2024-11-27,Tea Powder 500g,27,240,CUST038,North,ORD10571
2024-11-27,Detergent Powder 2kg,15,310,CUST056,North,ORD10572
2024-11-27,Milk Powder 500g,18,275,CUST047,East,ORD10573
2024-11-27,Spice Mix Pack,31,95,CUST004,North,ORD10574
2024-11-28,Basmati Rice 5kg,14,520,CUST056,West,ORD10575
2024-11-28,Sunflower Oil 1L,35,185,CUST033,East,ORD10576
2024-11-28,Tea Powder 500g,15,240,CUST033,North,ORD10577
2024-11-28,Wheat Flour 10kg,12,430,CUST027,South,ORD10578
2024-11-28,Toor Dal 1kg,27,160,CUST051,West,ORD10579
2024-11-28,Milk Powder 500g,13,275,CUST012,West,ORD10580
2024-11-29,Toor Dal 1kg,34,160,CUST030,West,ORD10581
2024-11-29,Detergent Powder 2kg,23,310,CUST036,North,ORD10582
2024-11-29,Milk Powder 500g,13,275,CUST007,South,ORD10583
2024-11-30,Basmati Rice 5kg,20,520,CUST018,North,ORD10584
2024-11-30,Tea Powder 500g,24,240,CUST029,West,ORD10585
2024-11-30,Wheat Flour 10kg,12,430,CUST003,West,ORD10586
2024-11-30,Detergent Powder 2kg,19,310,CUST022,South,ORD10587
2024-11-30,Milk Powder 500g,19,275,CUST038,South,ORD10588
2024-11-30,Spice Mix Pack,51,95,CUST010,West,ORD10589
2024-12-01,Basmati Rice 5kg,14,520,CUST036,East,ORD10590
2024-12-01,Sunflower Oil 1L,36,185,CUST033,East,ORD10591
2024-12-01,Tea Powder 500g,27,240,CUST030,East,ORD10592
2024-12-01,Wheat Flour 10kg,9,430,CUST059,West,ORD10593
2024-12-01,Detergent Powder 2kg,15,310,CUST014,West,ORD10594
2024-12-01,Milk Powder 500g,12,275,CUST009,East,ORD10595
2024-12-02,Basmati Rice 5kg,14,520,CUST054,South,ORD10596
2024-12-02,Sunflower Oil 1L,29,185,CUST051,East,ORD10597
2024-12-02,Tea Powder 500g,7,240,CUST059,South,ORD10598
2024-12-02,Wheat Flour 10kg,10,430,CUST026,East,ORD10599
2024-12-02,Spice Mix Pack,42,95,CUST051,North,ORD10600
2024-12-03,Tea Powder 500g,17,240,CUST046,North,ORD10601
2024-12-04,Basmati Rice 5kg,12,520,CUST026,South,ORD10602
2024-12-04,Sunflower Oil 1L,30,185,CUST048,West,ORD10603
2024-12-04,Wheat Flour 10kg,9,430,CUST021,West,ORD10604
2024-12-04,Toor Dal 1kg,28,160,CUST057,North,ORD10605
2024-12-04,Spice Mix Pack,36,95,CUST029,West,ORD10606
2024-12-05,Basmati Rice 5kg,15,520,CUST025,South,ORD10607
2024-12-05,Sunflower Oil 1L,39,185,CUST026,North,ORD10608
2024-12-05,Tea Powder 500g,22,240,CUST020,South,ORD10609
2024-12-05,Toor Dal 1kg,24,160,CUST014,South,ORD10610
2024-12-05,Detergent Powder 2kg,14,310,CUST046,East,ORD10611
2024-12-05,Spice Mix Pack,25,95,CUST045,South,ORD10612
2024-12-06,Sunflower Oil 1L,32,185,CUST046,East,ORD10613
2024-12-06,Tea Powder 500g,31,240,CUST024,East,ORD10614
2024-12-06,Wheat Flour 10kg,13,430,CUST027,West,ORD10615
2024-12-06,Toor Dal 1kg,24,160,CUST051,South,ORD10616
2024-12-06,Milk Powder 500g,11,275,CUST031,South,ORD10617
2024-12-06,Spice Mix Pack,48,95,CUST042,East,ORD10618
2024-12-07,Sunflower Oil 1L,36,185,CUST052,West,ORD10619
2024-12-07,Tea Powder 500g,27,240,CUST030,South,ORD10620
2024-12-07,Toor Dal 1kg,36,160,CUST053,West,ORD10621
2024-12-07,Detergent Powder 2kg,16,310,CUST003,West,ORD10622
2024-12-07,Milk Powder 500g,20,275,CUST026,East,ORD10623
2024-12-08,Basmati Rice 5kg,16,520,CUST041,South,ORD10624
2024-12-08,Sunflower Oil 1L,21,185,CUST009,South,ORD10625
2024-12-08,Wheat Flour 10kg,11,430,CUST021,South,ORD10626
2024-12-08,Toor Dal 1kg,37,160,CUST011,South,ORD10627
2024-12-08,Milk Powder 500g,11,275,CUST037,North,ORD10628
2024-12-08,Spice Mix Pack,45,95,CUST017,East,ORD10629
2024-12-09,Sunflower Oil 1L,20,185,CUST006,South,ORD10630
2024-12-09,Tea Powder 500g,7,240,CUST054,North,ORD10631
2024-12-09,Wheat Flour 10kg,11,430,CUST033,North,ORD10632
2024-12-09,Toor Dal 1kg,26,160,CUST044,East,ORD10633
2024-12-09,Detergent Powder 2kg,11,310,CUST043,South,ORD10634
2024-12-09,Spice Mix Pack,37,95,CUST006,West,ORD10635
2024-12-10,Basmati Rice 5kg,8,520,CUST016,South,ORD10636
2024-12-10,Sunflower Oil 1L,29,185,CUST045,West,ORD10637
2024-12-10,Toor Dal 1kg,28,160,CUST036,West,ORD10638
2024-12-10,Detergent Powder 2kg,12,310,CUST045,South,ORD10639
2024-12-10,Milk Powder 500g,9,275,CUST048,West,ORD10640
2024-12-10,Spice Mix Pack,29,95,CUST038,West,ORD10641
2024-12-11,Basmati Rice 5kg,14,520,CUST003,South,ORD10642
2024-12-11,Sunflower Oil 1L,10,185,CUST048,North,ORD10643
2024-12-11,Tea Powder 500g,18,240,CUST019,North,ORD10644
2024-12-11,Wheat Flour 10kg,10,430,CUST060,East,ORD10645
2024-12-11,Detergent Powder 2kg,12,310,CUST033,West,ORD10646
2024-12-12,Basmati Rice 5kg,11,520,CUST045,South,ORD10647
2024-12-12,Tea Powder 500g,23,240,CUST006,North,ORD10648
2024-12-12,Toor Dal 1kg,27,160,CUST004,West,ORD10649
2024-12-12,Detergent Powder 2kg,17,310,CUST050,West,ORD10650
2024-12-12,Spice Mix Pack,31,95,CUST025,East,ORD10651
2024-12-13,Basmati Rice 5kg,11,520,CUST019,East,ORD10652
2024-12-13,Sunflower Oil 1L,27,185,CUST060,South,ORD10653
2024-12-14,Tea Powder 500g,28,240,CUST008,East,ORD10654
2024-12-14,Toor Dal 1kg,41,160,CUST029,South,ORD10655
2024-12-14,Milk Powder 500g,14,275,CUST046,East,ORD10656
2024-12-14,Spice Mix Pack,51,95,CUST017,East,ORD10657
2024-12-15,Basmati Rice 5kg,23,520,CUST035,West,ORD10658
2024-12-15,Tea Powder 500g,19,240,CUST024,North,ORD10659
2024-12-15,Toor Dal 1kg,27,160,CUST042,South,ORD10660
2024-12-16,Basmati Rice 5kg,9,520,CUST016,West,ORD10661
2024-12-16,Sunflower Oil 1L,26,185,CUST017,North,ORD10662
2024-12-16,Toor Dal 1kg,23,160,CUST057,East,ORD10663
2024-12-16,Spice Mix Pack,30,95,CUST053,East,ORD10664
2024-12-17,Tea Powder 500g,21,240,CUST024,West,ORD10665
2024-12-17,Detergent Powder 2kg,12,310,CUST039,South,ORD10666
2024-12-17,Milk Powder 500g,10,275,CUST037,East,ORD10667
2024-12-17,Spice Mix Pack,26,95,CUST036,South,ORD10668
2024-12-18,Basmati Rice 5kg,11,520,CUST045,North,ORD10669
2024-12-18,Tea Powder 500g,12,240,CUST044,East,ORD10670
2024-12-18,Wheat Flour 10kg,10,430,CUST019,West,ORD10671
2024-12-18,Toor Dal 1kg,26,160,CUST035,South,ORD10672
2024-12-18,Detergent Powder 2kg,11,310,CUST005,South,ORD10673
2024-12-18,Milk Powder 500g,16,275,CUST058,North,ORD10674
2024-12-19,Sunflower Oil 1L,30,185,CUST016,East,ORD10675
2024-12-19,Wheat Flour 10kg,7,430,CUST036,South,ORD10676
2024-12-19,Milk Powder 500g,11,275,CUST029,West,ORD10677
2024-12-19,Spice Mix Pack,22,95,CUST036,West,ORD10678
2024-12-20,Basmati Rice 5kg,11,520,CUST004,West,ORD10679
2024-12-20,Detergent Powder 2kg,10,310,CUST037,East,ORD10680
2024-12-20,Milk Powder 500g,11,275,CUST031,North,ORD10681
2024-12-21,Sunflower Oil 1L,30,185,CUST041,East,ORD10682
2024-12-21,Tea Powder 500g,22,240,CUST003,West,ORD10683
2024-12-21,Toor Dal 1kg,24,160,CUST013,South,ORD10684
2024-12-21,Detergent Powder 2kg,20,310,CUST013,West,ORD10685
2024-12-21,Spice Mix Pack,28,95,CUST056,West,ORD10686
2024-12-22,Basmati Rice 5kg,14,520,CUST056,North,ORD10687
2024-12-22,Sunflower Oil 1L,33,185,CUST030,South,ORD10688
2024-12-22,Tea Powder 500g,30,240,CUST023,West,ORD10689
2024-12-22,Toor Dal 1kg,33,160,CUST049,South,ORD10690
2024-12-22,Milk Powder 500g,19,275,CUST010,East,ORD10691
2024-12-22,Spice Mix Pack,34,95,CUST015,South,ORD10692
2024-12-23,Sunflower Oil 1L,28,185,CUST016,South,ORD10693
2024-12-23,Wheat Flour 10kg,10,430,CUST019,South,ORD10694
2024-12-23,Detergent Powder 2kg,13,310,CUST012,South,ORD10695
2024-12-23,Milk Powder 500g,13,275,CUST043,South,ORD10696
2024-12-24,Sunflower Oil 1L,30,185,CUST015,East,ORD10697
2024-12-24,Tea Powder 500g,19,240,CUST045,West,ORD10698
2024-12-24,Wheat Flour 10kg,11,430,CUST029,South,ORD10699
2024-12-24,Detergent Powder 2kg,8,310,CUST033,North,ORD10700
2024-12-24,Milk Powder 500g,12,275,CUST012,West,ORD10701
2024-12-24,Spice Mix Pack,31,95,CUST045,North,ORD10702
2024-12-25,Basmati Rice 5kg,12,520,CUST029,North,ORD10703
2024-12-25,Tea Powder 500g,21,240,CUST013,East,ORD10704
2024-12-25,Wheat Flour 10kg,11,430,CUST040,North,ORD10705
2024-12-25,Milk Powder 500g,10,275,CUST045,West,ORD10706
2024-12-25,Spice Mix Pack,30,95,CUST045,North,ORD10707
2024-12-26,Basmati Rice 5kg,11,520,CUST058,North,ORD10708
2024-12-26,Sunflower Oil 1L,21,185,CUST058,West,ORD10709
2024-12-26,Tea Powder 500g,24,240,CUST003,North,ORD10710
2024-12-26,Toor Dal 1kg,33,160,CUST025,West,ORD10711
2024-12-26,Detergent Powder 2kg,9,310,CUST042,East,ORD10712
2024-12-26,Milk Powder 500g,6,275,CUST053,West,ORD10713
2024-12-26,Spice Mix Pack,25,95,CUST004,East,ORD10714
2024-12-27,Basmati Rice 5kg,18,520,CUST005,West,ORD10715
2024-12-27,Sunflower Oil 1L,37,185,CUST058,East,ORD10716
2024-12-27,Wheat Flour 10kg,8,430,CUST018,South,ORD10717
2024-12-27,Toor Dal 1kg,19,160,CUST052,North,ORD10718
2024-12-27,Detergent Powder 2kg,14,310,CUST006,South,ORD10719
2024-12-27,Milk Powder 500g,11,275,CUST012,East,ORD10720
2024-12-27,Spice Mix Pack,29,95,CUST030,East,ORD10721
2024-12-28,Basmati Rice 5kg,23,520,CUST010,West,ORD10722
2024-12-28,Sunflower Oil 1L,27,185,CUST022,East,ORD10723
2024-12-28,Toor Dal 1kg,29,160,CUST023,North,ORD10724
2024-12-28,Spice Mix Pack,45,95,CUST051,East,ORD10725
2024-12-29,Sunflower Oil 1L,37,185,CUST002,South,ORD10726
2024-12-29,Toor Dal 1kg,38,160,CUST034,North,ORD10727
2024-12-29,Detergent Powder 2kg,15,310,CUST041,West,ORD10728
2024-12-29,Spice Mix Pack,32,95,CUST056,East,ORD10729
2024-12-30,Tea Powder 500g,16,240,CUST005,West,ORD10730
2024-12-30,Wheat Flour 10kg,6,430,CUST028,East,ORD10731
2024-12-30,Milk Powder 500g,12,275,CUST028,East,ORD10732
2024-12-30,Spice Mix Pack,30,95,CUST039,West,ORD10733
2024-12-31,Basmati Rice 5kg,10,520,CUST005,East,ORD10734
2024-12-31,Tea Powder 500g,18,240,CUST047,East,ORD10735
2024-12-31,Toor Dal 1kg,24,160,CUST023,West,ORD10736
2024-12-31,Detergent Powder 2kg,9,310,CUST009,North,ORD10737
2024-12-31,Milk Powder 500g,13,275,CUST011,North,ORD10738
2025-01-01,Basmati Rice 5kg,10,520,CUST049,South,ORD10739
2025-01-01,Tea Powder 500g,19,240,CUST047,East,ORD10740
2025-01-01,Wheat Flour 10kg,7,430,CUST036,East,ORD10741
2025-01-01,Toor Dal 1kg,21,160,CUST019,North,ORD10742
2025-01-01,Milk Powder 500g,11,275,CUST007,South,ORD10743
2025-01-01,Spice Mix Pack,20,95,CUST030,North,ORD10744
2025-01-02,Basmati Rice 5kg,8,520,CUST014,East,ORD10745
2025-01-02,Wheat Flour 10kg,6,430,CUST024,West,ORD10746
2025-01-02,Detergent Powder 2kg,8,310,CUST003,South,ORD10747
2025-01-02,Milk Powder 500g,7,275,CUST041,North,ORD10748
2025-01-02,Spice Mix Pack,20,95,CUST039,West,ORD10749
2025-01-03,Basmati Rice 5kg,7,520,CUST043,West,ORD10750
2025-01-03,Tea Powder 500g,22,240,CUST050,North,ORD10751
2025-01-03,Wheat Flour 10kg,9,430,CUST007,West,ORD10752
2025-01-03,Toor Dal 1kg,25,160,CUST056,South,ORD10753
2025-01-03,Detergent Powder 2kg,12,310,CUST001,North,ORD10754
2025-01-03,Milk Powder 500g,13,275,CUST054,East,ORD10755
2025-01-04,Basmati Rice 5kg,10,520,CUST045,South,ORD10756
2025-01-04,Sunflower Oil 1L,33,185,CUST009,North,ORD10757
2025-01-04,Tea Powder 500g,21,240,CUST044,South,ORD10758
2025-01-04,Wheat Flour 10kg,10,430,CUST022,East,ORD10759
2025-01-04,Detergent Powder 2kg,11,310,CUST031,North,ORD10760
2025-01-04,Milk Powder 500g,16,275,CUST021,North,ORD10761
2025-01-05,Sunflower Oil 1L,29,185,CUST031,South,ORD10762
2025-01-05,Tea Powder 500g,10,240,CUST008,East,ORD10763
2025-01-05,Wheat Flour 10kg,11,430,CUST015,West,ORD10764
2025-01-05,Toor Dal 1kg,19,160,CUST055,West,ORD10765
2025-01-05,Milk Powder 500g,9,275,CUST046,North,ORD10766
2025-01-06,Basmati Rice 5kg,9,520,CUST025,North,ORD10767
2025-01-06,Toor Dal 1kg,20,160,CUST047,West,ORD10768
2025-01-06,Milk Powder 500g,9,275,CUST026,East,ORD10769
2025-01-07,Basmati Rice 5kg,10,520,CUST035,East,ORD10770
2025-01-07,Sunflower Oil 1L,22,185,CUST054,South,ORD10771
2025-01-07,Toor Dal 1kg,19,160,CUST034,East,ORD10772
2025-01-07,Detergent Powder 2kg,11,310,CUST011,East,ORD10773
2025-01-07,Spice Mix Pack,17,95,CUST052,East,ORD10774
2025-01-08,Basmati Rice 5kg,7,520,CUST058,North,ORD10775
2025-01-08,Toor Dal 1kg,22,160,CUST055,North,ORD10776
2025-01-08,Detergent Powder 2kg,9,310,CUST017,South,ORD10777
2025-01-08,Milk Powder 500g,11,275,CUST043,South,ORD10778
2025-01-08,Spice Mix Pack,23,95,CUST026,East,ORD10779
2025-01-09,Sunflower Oil 1L,21,185,CUST023,West,ORD10780
2025-01-09,Tea Powder 500g,14,240,CUST017,East,ORD10781
2025-01-09,Milk Powder 500g,10,275,CUST026,West,ORD10782
2025-01-10,Sunflower Oil 1L,21,185,CUST043,West,ORD10783
2025-01-10,Toor Dal 1kg,18,160,CUST022,North,ORD10784
2025-01-10,Detergent Powder 2kg,12,310,CUST023,East,ORD10785
2025-01-10,Milk Powder 500g,9,275,CUST025,West,ORD10786
2025-01-11,Basmati Rice 5kg,8,520,CUST026,West,ORD10787
2025-01-11,Wheat Flour 10kg,16,430,CUST019,North,ORD10788
2025-01-11,Spice Mix Pack,36,95,CUST014,East,ORD10789
2025-01-12,Toor Dal 1kg,12,160,CUST017,South,ORD10790
2025-01-12,Detergent Powder 2kg,13,310,CUST027,North,ORD10791
2025-01-12,Spice Mix Pack,20,95,CUST003,North,ORD10792
2025-01-13,Basmati Rice 5kg,10,520,CUST040,East,ORD10793
2025-01-13,Sunflower Oil 1L,23,185,CUST052,West,ORD10794
2025-01-13,Toor Dal 1kg,18,160,CUST042,South,ORD10795
2025-01-13,Spice Mix Pack,21,95,CUST043,East,ORD10796
2025-01-14,Basmati Rice 5kg,8,520,CUST036,West,ORD10797
2025-01-14,Sunflower Oil 1L,21,185,CUST051,North,ORD10798
2025-01-14,Tea Powder 500g,16,240,CUST001,East,ORD10799
2025-01-14,Wheat Flour 10kg,8,430,CUST020,South,ORD10800
2025-01-14,Toor Dal 1kg,20,160,CUST002,East,ORD10801
2025-01-14,Detergent Powder 2kg,10,310,CUST049,North,ORD10802
2025-01-14,Milk Powder 500g,10,275,CUST054,North,ORD10803
2025-01-15,Basmati Rice 5kg,13,520,CUST012,North,ORD10804
2025-01-15,Tea Powder 500g,16,240,CUST039,North,ORD10805
2025-01-15,Wheat Flour 10kg,6,430,CUST047,South,ORD10806
2025-01-15,Toor Dal 1kg,14,160,CUST053,West,ORD10807
2025-01-15,Detergent Powder 2kg,9,310,CUST019,East,ORD10808
2025-01-15,Milk Powder 500g,8,275,CUST039,West,ORD10809
2025-01-15,Spice Mix Pack,28,95,CUST039,South,ORD10810
2025-01-16,Basmati Rice 5kg,8,520,CUST010,North,ORD10811
2025-01-16,Sunflower Oil 1L,18,185,CUST002,North,ORD10812
2025-01-16,Tea Powder 500g,13,240,CUST015,West,ORD10813
2025-01-17,Sunflower Oil 1L,27,185,CUST036,East,ORD10814
2025-01-17,Tea Powder 500g,14,240,CUST003,East,ORD10815
2025-01-17,Wheat Flour 10kg,9,430,CUST058,North,ORD10816
2025-01-17,Toor Dal 1kg,21,160,CUST037,West,ORD10817
2025-01-17,Detergent Powder 2kg,12,310,CUST004,West,ORD10818
2025-01-17,Spice Mix Pack,15,95,CUST020,East,ORD10819
2025-01-18,Basmati Rice 5kg,11,520,CUST060,North,ORD10820
2025-01-18,Sunflower Oil 1L,25,185,CUST043,North,ORD10821
2025-01-18,Tea Powder 500g,20,240,CUST044,East,ORD10822
2025-01-18,Wheat Flour 10kg,7,430,CUST025,North,ORD10823
2025-01-19,Sunflower Oil 1L,26,185,CUST042,West,ORD10824
2025-01-19,Wheat Flour 10kg,9,430,CUST014,East,ORD10825
2025-01-19,Detergent Powder 2kg,16,310,CUST040,South,ORD10826
2025-01-19,Milk Powder 500g,9,275,CUST052,South,ORD10827
2025-01-19,Spice Mix Pack,28,95,CUST040,East,ORD10828
2025-01-20,Basmati Rice 5kg,7,520,CUST027,North,ORD10829
2025-01-20,Tea Powder 500g,15,240,CUST030,East,ORD10830
2025-01-20,Toor Dal 1kg,19,160,CUST018,West,ORD10831
2025-01-20,Detergent Powder 2kg,9,310,CUST018,North,ORD10832
2025-01-20,Spice Mix Pack,21,95,CUST026,North,ORD10833
2025-01-21,Sunflower Oil 1L,25,185,CUST042,East,ORD10834
2025-01-21,Tea Powder 500g,14,240,CUST055,North,ORD10835
2025-01-21,Wheat Flour 10kg,8,430,CUST038,North,ORD10836
2025-01-21,Toor Dal 1kg,18,160,CUST022,West,ORD10837
2025-01-21,Detergent Powder 2kg,11,310,CUST011,West,ORD10838
2025-01-22,Basmati Rice 5kg,3,520,CUST053,South,ORD10839
2025-01-22,Tea Powder 500g,17,240,CUST026,East,ORD10840
2025-01-22,Wheat Flour 10kg,7,430,CUST014,South,ORD10841
2025-01-22,Toor Dal 1kg,13,160,CUST028,West,ORD10842
2025-01-22,Detergent Powder 2kg,13,310,CUST002,West,ORD10843
2025-01-22,Milk Powder 500g,9,275,CUST056,East,ORD10844
2025-01-22,Spice Mix Pack,12,95,CUST020,North,ORD10845
2025-01-23,Basmati Rice 5kg,11,520,CUST028,West,ORD10846
2025-01-23,Sunflower Oil 1L,31,185,CUST049,West,ORD10847
2025-01-23,Tea Powder 500g,15,240,CUST047,East,ORD10848
2025-01-23,Wheat Flour 10kg,6,430,CUST030,South,ORD10849
2025-01-23,Detergent Powder 2kg,11,310,CUST011,North,ORD10850
2025-01-23,Milk Powder 500g,8,275,CUST055,South,ORD10851
2025-01-23,Spice Mix Pack,19,95,CUST001,North,ORD10852
2025-01-24,Sunflower Oil 1L,22,185,CUST038,East,ORD10853
2025-01-24,Tea Powder 500g,17,240,CUST039,North,ORD10854
2025-01-24,Spice Mix Pack,30,95,CUST033,South,ORD10855
2025-01-25,Basmati Rice 5kg,14,520,CUST026,North,ORD10856
2025-01-25,Sunflower Oil 1L,38,185,CUST051,West,ORD10857
2025-01-25,Tea Powder 500g,20,240,CUST056,South,ORD10858
2025-01-25,Toor Dal 1kg,18,160,CUST007,East,ORD10859
2025-01-25,Detergent Powder 2kg,17,310,CUST044,North,ORD10860
2025-01-25,Milk Powder 500g,10,275,CUST032,West,ORD10861
2025-01-26,Sunflower Oil 1L,25,185,CUST008,South,ORD10862
2025-01-26,Wheat Flour 10kg,9,430,CUST034,North,ORD10863
2025-01-26,Toor Dal 1kg,25,160,CUST014,West,ORD10864
2025-01-26,Spice Mix Pack,33,95,CUST004,North,ORD10865
2025-01-27,Tea Powder 500g,16,240,CUST001,South,ORD10866
2025-01-27,Detergent Powder 2kg,7,310,CUST005,East,ORD10867
2025-01-27,Milk Powder 500g,10,275,CUST008,West,ORD10868
2025-01-28,Sunflower Oil 1L,17,185,CUST001,West,ORD10869
2025-01-28,Tea Powder 500g,15,240,CUST011,West,ORD10870
2025-01-28,Milk Powder 500g,12,275,CUST045,West,ORD10871
2025-01-28,Spice Mix Pack,24,95,CUST019,South,ORD10872
2025-01-29,Basmati Rice 5kg,8,520,CUST049,West,ORD10873
2025-01-29,Tea Powder 500g,10,240,CUST005,East,ORD10874
2025-01-29,Toor Dal 1kg,19,160,CUST041,East,ORD10875
2025-01-29,Detergent Powder 2kg,12,310,CUST048,East,ORD10876
2025-01-30,Tea Powder 500g,16,240,CUST040,East,ORD10877
2025-01-30,Wheat Flour 10kg,7,430,CUST010,North,ORD10878
2025-01-30,Detergent Powder 2kg,7,310,CUST028,West,ORD10879
2025-01-30,Milk Powder 500g,9,275,CUST017,South,ORD10880
2025-01-30,Spice Mix Pack,26,95,CUST030,East,ORD10881
2025-01-31,Sunflower Oil 1L,14,185,CUST059,South,ORD10882
2025-01-31,Tea Powder 500g,20,240,CUST039,North,ORD10883
2025-01-31,Toor Dal 1kg,25,160,CUST003,South,ORD10884
2025-01-31,Detergent Powder 2kg,8,310,CUST057,North,ORD10885
2025-02-01,Basmati Rice 5kg,10,520,CUST020,East,ORD10886
2025-02-01,Sunflower Oil 1L,25,185,CUST011,North,ORD10887
2025-02-01,Tea Powder 500g,15,240,CUST027,East,ORD10888
2025-02-01,Toor Dal 1kg,17,160,CUST026,West,ORD10889
2025-02-01,Detergent Powder 2kg,11,310,CUST021,North,ORD10890
2025-02-01,Spice Mix Pack,22,95,CUST018,South,ORD10891
2025-02-02,Basmati Rice 5kg,10,520,CUST029,West,ORD10892
2025-02-02,Wheat Flour 10kg,10,430,CUST039,West,ORD10893
2025-02-02,Toor Dal 1kg,23,160,CUST051,East,ORD10894
2025-02-02,Milk Powder 500g,9,275,CUST012,West,ORD10895
2025-02-02,Spice Mix Pack,33,95,CUST051,North,ORD10896
2025-02-03,Basmati Rice 5kg,7,520,CUST058,North,ORD10897
2025-02-03,Sunflower Oil 1L,16,185,CUST028,South,ORD10898
2025-02-03,Tea Powder 500g,17,240,CUST036,South,ORD10899
2025-02-03,Milk Powder 500g,7,275,CUST010,East,ORD10900
2025-02-03,Spice Mix Pack,18,95,CUST010,East,ORD10901
2025-02-04,Tea Powder 500g,11,240,CUST039,South,ORD10902
2025-02-04,Detergent Powder 2kg,7,310,CUST012,North,ORD10903
2025-02-04,Milk Powder 500g,10,275,CUST042,West,ORD10904
2025-02-05,Basmati Rice 5kg,8,520,CUST060,North,ORD10905
2025-02-05,Tea Powder 500g,14,240,CUST038,West,ORD10906
2025-02-05,Toor Dal 1kg,15,160,CUST013,South,ORD10907
2025-02-05,Milk Powder 500g,10,275,CUST023,North,ORD10908
2025-02-05,Spice Mix Pack,18,95,CUST038,East,ORD10909
2025-02-06,Sunflower Oil 1L,21,185,CUST006,East,ORD10910
2025-02-06,Tea Powder 500g,16,240,CUST016,South,ORD10911
2025-02-06,Toor Dal 1kg,19,160,CUST025,North,ORD10912
2025-02-06,Spice Mix Pack,14,95,CUST025,West,ORD10913
2025-02-07,Detergent Powder 2kg,12,310,CUST046,South,ORD10914
2025-02-08,Basmati Rice 5kg,12,520,CUST057,West,ORD10915
2025-02-08,Sunflower Oil 1L,28,185,CUST037,East,ORD10916
2025-02-08,Wheat Flour 10kg,9,430,CUST058,East,ORD10917
2025-02-08,Detergent Powder 2kg,13,310,CUST046,West,ORD10918
2025-02-08,Milk Powder 500g,10,275,CUST044,South,ORD10919
2025-02-09,Basmati Rice 5kg,14,520,CUST012,South,ORD10920
2025-02-09,Sunflower Oil 1L,30,185,CUST034,East,ORD10921
2025-02-09,Tea Powder 500g,16,240,CUST004,South,ORD10922
2025-02-09,Detergent Powder 2kg,13,310,CUST056,South,ORD10923
2025-02-10,Sunflower Oil 1L,23,185,CUST002,South,ORD10924
2025-02-10,Wheat Flour 10kg,7,430,CUST045,West,ORD10925
2025-02-10,Toor Dal 1kg,21,160,CUST021,South,ORD10926
2025-02-10,Detergent Powder 2kg,12,310,CUST011,North,ORD10927
2025-02-10,Milk Powder 500g,10,275,CUST040,West,ORD10928
2025-02-11,Basmati Rice 5kg,6,520,CUST027,East,ORD10929
2025-02-11,Sunflower Oil 1L,16,185,CUST018,South,ORD10930
2025-02-11,Tea Powder 500g,14,240,CUST049,East,ORD10931
2025-02-11,Spice Mix Pack,19,95,CUST048,North,ORD10932
2025-02-12,Sunflower Oil 1L,20,185,CUST053,South,ORD10933
2025-02-12,Tea Powder 500g,15,240,CUST052,West,ORD10934
2025-02-12,Wheat Flour 10kg,10,430,CUST031,North,ORD10935
2025-02-12,Milk Powder 500g,10,275,CUST042,West,ORD10936
2025-02-12,Spice Mix Pack,17,95,CUST053,West,ORD10937
2025-02-13,Toor Dal 1kg,17,160,CUST018,North,ORD10938
2025-02-13,Milk Powder 500g,9,275,CUST030,South,ORD10939
2025-02-14,Sunflower Oil 1L,34,185,CUST060,East,ORD10940
2025-02-14,Wheat Flour 10kg,8,430,CUST029,North,ORD10941
2025-02-14,Toor Dal 1kg,20,160,CUST026,North,ORD10942
2025-02-14,Detergent Powder 2kg,9,310,CUST036,North,ORD10943
2025-02-14,Milk Powder 500g,8,275,CUST046,North,ORD10944
2025-02-15,Sunflower Oil 1L,19,185,CUST032,North,ORD10945
2025-02-15,Wheat Flour 10kg,6,430,CUST039,North,ORD10946
2025-02-15,Toor Dal 1kg,15,160,CUST055,West,ORD10947
2025-02-16,Basmati Rice 5kg,9,520,CUST018,South,ORD10948
2025-02-16,Tea Powder 500g,15,240,CUST041,East,ORD10949
2025-02-16,Wheat Flour 10kg,8,430,CUST021,East,ORD10950
2025-02-16,Toor Dal 1kg,19,160,CUST011,North,ORD10951
2025-02-16,Milk Powder 500g,9,275,CUST005,West,ORD10952
2025-02-16,Spice Mix Pack,26,95,CUST057,North,ORD10953
2025-02-17,Sunflower Oil 1L,23,185,CUST034,West,ORD10954
2025-02-17,Tea Powder 500g,10,240,CUST029,South,ORD10955
2025-02-17,Detergent Powder 2kg,6,310,CUST049,North,ORD10956
2025-02-17,Spice Mix Pack,17,95,CUST003,West,ORD10957
2025-02-18,Sunflower Oil 1L,14,185,CUST015,South,ORD10958
2025-02-18,Tea Powder 500g,8,240,CUST052,West,ORD10959
2025-02-18,Wheat Flour 10kg,8,430,CUST046,South,ORD10960
2025-02-18,Detergent Powder 2kg,8,310,CUST004,North,ORD10961
2025-02-18,Milk Powder 500g,2,275,CUST021,East,ORD10962
2025-02-18,Spice Mix Pack,17,95,CUST036,North,ORD10963
2025-02-19,Sunflower Oil 1L,24,185,CUST039,North,ORD10964
2025-02-19,Milk Powder 500g,7,275,CUST059,North,ORD10965
2025-02-20,Basmati Rice 5kg,10,520,CUST047,South,ORD10966
2025-02-20,Tea Powder 500g,16,240,CUST045,West,ORD10967
2025-02-20,Toor Dal 1kg,16,160,CUST016,North,ORD10968
2025-02-20,Detergent Powder 2kg,12,310,CUST022,East,ORD10969
2025-02-20,Milk Powder 500g,7,275,CUST025,North,ORD10970
2025-02-21,Basmati Rice 5kg,11,520,CUST031,North,ORD10971
2025-02-21,Sunflower Oil 1L,29,185,CUST048,South,ORD10972
2025-02-21,Tea Powder 500g,18,240,CUST009,West,ORD10973
2025-02-21,Toor Dal 1kg,16,160,CUST052,West,ORD10974
2025-02-21,Detergent Powder 2kg,8,310,CUST014,North,ORD10975
2025-02-21,Milk Powder 500g,8,275,CUST011,South,ORD10976
2025-02-21,Spice Mix Pack,15,95,CUST041,North,ORD10977
2025-02-22,Tea Powder 500g,22,240,CUST004,North,ORD10978
2025-02-22,Wheat Flour 10kg,7,430,CUST055,North,ORD10979
2025-02-22,Milk Powder 500g,10,275,CUST059,North,ORD10980
2025-02-23,Sunflower Oil 1L,25,185,CUST007,North,ORD10981
2025-02-23,Tea Powder 500g,14,240,CUST038,West,ORD10982
2025-02-23,Detergent Powder 2kg,13,310,CUST041,East,ORD10983
2025-02-23,Milk Powder 500g,8,275,CUST046,East,ORD10984
2025-02-24,Basmati Rice 5kg,9,520,CUST009,South,ORD10985
2025-02-24,Detergent Powder 2kg,10,310,CUST019,North,ORD10986
2025-02-24,Milk Powder 500g,8,275,CUST058,East,ORD10987
2025-02-24,Spice Mix Pack,16,95,CUST030,East,ORD10988
2025-02-25,Basmati Rice 5kg,7,520,CUST040,South,ORD10989
2025-02-25,Tea Powder 500g,14,240,CUST010,West,ORD10990
2025-02-25,Wheat Flour 10kg,6,430,CUST003,South,ORD10991
2025-02-25,Detergent Powder 2kg,10,310,CUST020,North,ORD10992
2025-02-25,Spice Mix Pack,21,95,CUST059,North,ORD10993
2025-02-26,Basmati Rice 5kg,7,520,CUST017,South,ORD10994
2025-02-26,Sunflower Oil 1L,22,185,CUST038,South,ORD10995
2025-02-26,Toor Dal 1kg,14,160,CUST015,North,ORD10996
2025-02-26,Detergent Powder 2kg,9,310,CUST044,East,ORD10997
2025-02-27,Sunflower Oil 1L,21,185,CUST001,South,ORD10998
2025-02-27,Wheat Flour 10kg,9,430,CUST027,East,ORD10999
2025-02-27,Toor Dal 1kg,18,160,CUST054,West,ORD11000
2025-02-27,Detergent Powder 2kg,7,310,CUST060,East,ORD11001
2025-02-27,Spice Mix Pack,20,95,CUST006,East,ORD11002
2025-02-28,Sunflower Oil 1L,20,185,CUST028,South,ORD11003
2025-02-28,Tea Powder 500g,14,240,CUST029,East,ORD11004
2025-02-28,Wheat Flour 10kg,8,430,CUST033,South,ORD11005
2025-02-28,Toor Dal 1kg,22,160,CUST053,East,ORD11006
2025-02-28,Detergent Powder 2kg,6,310,CUST056,East,ORD11007
2025-02-28,Milk Powder 500g,4,275,CUST028,North,ORD11008
2025-02-28,Spice Mix Pack,23,95,CUST026,South,ORD11009
2025-03-01,Basmati Rice 5kg,15,520,CUST008,North,ORD11010
2025-03-01,Tea Powder 500g,15,240,CUST021,South,ORD11011
2025-03-01,Wheat Flour 10kg,10,430,CUST055,South,ORD11012
2025-03-01,Toor Dal 1kg,23,160,CUST028,South,ORD11013
2025-03-01,Milk Powder 500g,10,275,CUST027,North,ORD11014
2025-03-01,Spice Mix Pack,38,95,CUST015,South,ORD11015
2025-03-02,Sunflower Oil 1L,22,185,CUST052,West,ORD11016
2025-03-02,Tea Powder 500g,21,240,CUST023,West,ORD11017
2025-03-02,Toor Dal 1kg,21,160,CUST011,West,ORD11018
2025-03-02,Milk Powder 500g,8,275,CUST050,East,ORD11019
2025-03-02,Spice Mix Pack,20,95,CUST009,North,ORD11020
2025-03-03,Basmati Rice 5kg,10,520,CUST049,North,ORD11021
2025-03-03,Wheat Flour 10kg,9,430,CUST001,West,ORD11022
2025-03-03,Milk Powder 500g,6,275,CUST050,East,ORD11023
2025-03-04,Basmati Rice 5kg,8,520,CUST022,East,ORD11024
2025-03-04,Sunflower Oil 1L,18,185,CUST001,North,ORD11025
2025-03-04,Tea Powder 500g,22,240,CUST010,South,ORD11026
2025-03-04,Toor Dal 1kg,15,160,CUST036,East,ORD11027
2025-03-04,Milk Powder 500g,5,275,CUST053,South,ORD11028
2025-03-04,Spice Mix Pack,18,95,CUST019,South,ORD11029
2025-03-05,Basmati Rice 5kg,13,520,CUST037,East,ORD11030
2025-03-05,Sunflower Oil 1L,16,185,CUST019,West,ORD11031
2025-03-05,Tea Powder 500g,16,240,CUST007,West,ORD11032
2025-03-05,Toor Dal 1kg,19,160,CUST049,South,ORD11033
2025-03-05,Detergent Powder 2kg,11,310,CUST026,North,ORD11034
2025-03-05,Spice Mix Pack,18,95,CUST026,South,ORD11035
2025-03-06,Basmati Rice 5kg,7,520,CUST005,North,ORD11036
2025-03-06,Sunflower Oil 1L,14,185,CUST015,East,ORD11037
2025-03-06,Tea Powder 500g,17,240,CUST006,South,ORD11038
2025-03-06,Toor Dal 1kg,14,160,CUST045,East,ORD11039
2025-03-06,Detergent Powder 2kg,11,310,CUST042,North,ORD11040
2025-03-06,Milk Powder 500g,10,275,CUST052,North,ORD11041
2025-03-06,Spice Mix Pack,25,95,CUST008,South,ORD11042
2025-03-07,Sunflower Oil 1L,28,185,CUST044,North,ORD11043
2025-03-07,Wheat Flour 10kg,6,430,CUST038,North,ORD11044
2025-03-07,Toor Dal 1kg,19,160,CUST027,South,ORD11045
2025-03-07,Detergent Powder 2kg,17,310,CUST012,South,ORD11046
2025-03-07,Spice Mix Pack,27,95,CUST017,North,ORD11047
2025-03-08,Basmati Rice 5kg,9,520,CUST003,West,ORD11048
2025-03-08,Detergent Powder 2kg,11,310,CUST020,South,ORD11049
2025-03-08,Spice Mix Pack,28,95,CUST036,East,ORD11050
2025-03-09,Basmati Rice 5kg,10,520,CUST026,North,ORD11051
2025-03-09,Tea Powder 500g,12,240,CUST031,North,ORD11052
2025-03-09,Wheat Flour 10kg,12,430,CUST032,North,ORD11053
2025-03-09,Detergent Powder 2kg,9,310,CUST002,South,ORD11054
2025-03-09,Milk Powder 500g,10,275,CUST047,East,ORD11055
2025-03-10,Basmati Rice 5kg,10,520,CUST019,East,ORD11056
2025-03-10,Sunflower Oil 1L,21,185,CUST021,East,ORD11057
2025-03-10,Tea Powder 500g,16,240,CUST012,East,ORD11058
2025-03-10,Toor Dal 1kg,11,160,CUST038,South,ORD11059
2025-03-10,Detergent Powder 2kg,15,310,CUST033,West,ORD11060
2025-03-10,Milk Powder 500g,7,275,CUST007,West,ORD11061
2025-03-11,Sunflower Oil 1L,21,185,CUST030,East,ORD11062
2025-03-11,Tea Powder 500g,16,240,CUST017,East,ORD11063
2025-03-11,Toor Dal 1kg,17,160,CUST018,North,ORD11064
2025-03-11,Detergent Powder 2kg,9,310,CUST016,West,ORD11065
2025-03-12,Basmati Rice 5kg,10,520,CUST028,West,ORD11066
2025-03-12,Milk Powder 500g,9,275,CUST028,West,ORD11067
2025-03-12,Spice Mix Pack,21,95,CUST023,East,ORD11068
2025-03-13,Basmati Rice 5kg,11,520,CUST003,South,ORD11069
2025-03-13,Wheat Flour 10kg,7,430,CUST020,South,ORD11070
2025-03-13,Toor Dal 1kg,17,160,CUST046,South,ORD11071
2025-03-13,Detergent Powder 2kg,6,310,CUST053,South,ORD11072
2025-03-13,Milk Powder 500g,5,275,CUST005,South,ORD11073
2025-03-13,Spice Mix Pack,17,95,CUST055,West,ORD11074
2025-03-14,Sunflower Oil 1L,14,185,CUST010,West,ORD11075
2025-03-14,Detergent Powder 2kg,11,310,CUST002,South,ORD11076
2025-03-15,Basmati Rice 5kg,13,520,CUST057,East,ORD11077
2025-03-15,Tea Powder 500g,24,240,CUST013,West,ORD11078
2025-03-15,Wheat Flour 10kg,7,430,CUST054,East,ORD11079
2025-03-15,Toor Dal 1kg,24,160,CUST045,East,ORD11080
2025-03-15,Detergent Powder 2kg,13,310,CUST023,West,ORD11081
2025-03-15,Spice Mix Pack,28,95,CUST026,North,ORD11082
2025-03-16,Basmati Rice 5kg,10,520,CUST053,East,ORD11083
2025-03-16,Wheat Flour 10kg,8,430,CUST059,South,ORD11084
2025-03-16,Toor Dal 1kg,17,160,CUST025,North,ORD11085
2025-03-16,Detergent Powder 2kg,16,310,CUST009,West,ORD11086
2025-03-16,Spice Mix Pack,33,95,CUST028,South,ORD11087
2025-03-17,Basmati Rice 5kg,2,520,CUST011,North,ORD11088
2025-03-17,Sunflower Oil 1L,20,185,CUST029,East,ORD11089
2025-03-17,Detergent Powder 2kg,4,310,CUST007,North,ORD11090
2025-03-17,Milk Powder 500g,7,275,CUST037,North,ORD11091
2025-03-18,Tea Powder 500g,16,240,CUST044,West,ORD11092
2025-03-18,Wheat Flour 10kg,5,430,CUST032,West,ORD11093
2025-03-18,Toor Dal 1kg,16,160,CUST009,South,ORD11094
2025-03-18,Detergent Powder 2kg,12,310,CUST042,South,ORD11095
2025-03-19,Basmati Rice 5kg,7,520,CUST024,North,ORD11096
2025-03-19,Sunflower Oil 1L,17,185,CUST003,East,ORD11097
2025-03-19,Wheat Flour 10kg,7,430,CUST023,North,ORD11098
2025-03-19,Detergent Powder 2kg,13,310,CUST053,West,ORD11099
2025-03-19,Milk Powder 500g,7,275,CUST035,North,ORD11100
2025-03-19,Spice Mix Pack,20,95,CUST039,East,ORD11101
2025-03-20,Basmati Rice 5kg,9,520,CUST006,East,ORD11102
2025-03-20,Sunflower Oil 1L,18,185,CUST041,North,ORD11103
2025-03-20,Wheat Flour 10kg,6,430,CUST054,West,ORD11104
2025-03-20,Toor Dal 1kg,19,160,CUST050,North,ORD11105
2025-03-20,Detergent Powder 2kg,8,310,CUST056,North,ORD11106
2025-03-21,Basmati Rice 5kg,11,520,CUST060,South,ORD11107
2025-03-21,Sunflower Oil 1L,24,185,CUST003,East,ORD11108
2025-03-21,Tea Powder 500g,15,240,CUST004,East,ORD11109
2025-03-21,Wheat Flour 10kg,5,430,CUST030,North,ORD11110
2025-03-21,Toor Dal 1kg,29,160,CUST002,West,ORD11111
2025-03-21,Milk Powder 500g,9,275,CUST022,South,ORD11112
2025-03-21,Spice Mix Pack,20,95,CUST007,East,ORD11113
2025-03-22,Sunflower Oil 1L,31,185,CUST002,East,ORD11114
2025-03-22,Wheat Flour 10kg,11,430,CUST053,East,ORD11115
2025-03-22,Toor Dal 1kg,26,160,CUST048,West,ORD11116
2025-03-22,Detergent Powder 2kg,10,310,CUST043,North,ORD11117
2025-03-22,Milk Powder 500g,20,275,CUST043,North,ORD11118
2025-03-22,Spice Mix Pack,25,95,CUST006,West,ORD11119
2025-03-23,Detergent Powder 2kg,9,310,CUST014,North,ORD11120
2025-03-23,Milk Powder 500g,9,275,CUST010,West,ORD11121
2025-03-24,Sunflower Oil 1L,11,185,CUST053,West,ORD11122
2025-03-24,Wheat Flour 10kg,5,430,CUST012,South,ORD11123
2025-03-24,Toor Dal 1kg,19,160,CUST032,West,ORD11124
2025-03-24,Spice Mix Pack,28,95,CUST033,South,ORD11125
2025-03-25,Basmati Rice 5kg,11,520,CUST041,East,ORD11126
2025-03-25,Sunflower Oil 1L,13,185,CUST019,South,ORD11127
2025-03-25,Wheat Flour 10kg,7,430,CUST053,West,ORD11128
2025-03-25,Toor Dal 1kg,23,160,CUST060,East,ORD11129
2025-03-26,Sunflower Oil 1L,21,185,CUST036,North,ORD11130
2025-03-26,Toor Dal 1kg,18,160,CUST047,East,ORD11131
2025-03-26,Detergent Powder 2kg,17,310,CUST040,East,ORD11132
2025-03-26,Milk Powder 500g,4,275,CUST011,East,ORD11133
2025-03-26,Spice Mix Pack,20,95,CUST039,South,ORD11134
2025-03-27,Sunflower Oil 1L,30,185,CUST058,East,ORD11135
2025-03-27,Tea Powder 500g,15,240,CUST033,East,ORD11136
2025-03-27,Wheat Flour 10kg,8,430,CUST035,South,ORD11137
2025-03-27,Toor Dal 1kg,22,160,CUST053,East,ORD11138
2025-03-27,Spice Mix Pack,25,95,CUST024,West,ORD11139
2025-03-28,Wheat Flour 10kg,10,430,CUST048,West,ORD11140
2025-03-28,Toor Dal 1kg,15,160,CUST052,North,ORD11141
2025-03-28,Milk Powder 500g,17,275,CUST052,North,ORD11142
2025-03-29,Basmati Rice 5kg,13,520,CUST060,West,ORD11143
2025-03-29,Sunflower Oil 1L,21,185,CUST024,North,ORD11144
2025-03-29,Detergent Powder 2kg,14,310,CUST024,West,ORD11145
2025-03-29,Milk Powder 500g,12,275,CUST059,South,ORD11146
2025-03-30,Basmati Rice 5kg,9,520,CUST009,East,ORD11147
2025-03-30,Sunflower Oil 1L,24,185,CUST060,West,ORD11148
2025-03-30,Tea Powder 500g,18,240,CUST028,South,ORD11149
2025-03-30,Wheat Flour 10kg,10,430,CUST041,East,ORD11150
2025-03-30,Toor Dal 1kg,26,160,CUST054,East,ORD11151
2025-03-30,Detergent Powder 2kg,9,310,CUST042,West,ORD11152
2025-03-30,Spice Mix Pack,39,95,CUST023,East,ORD11153
2025-03-31,Basmati Rice 5kg,10,520,CUST015,West,ORD11154
2025-03-31,Sunflower Oil 1L,27,185,CUST043,East,ORD11155
2025-03-31,Tea Powder 500g,11,240,CUST060,North,ORD11156
2025-03-31,Wheat Flour 10kg,12,430,CUST022,East,ORD11157
2025-03-31,Detergent Powder 2kg,12,310,CUST058,West,ORD11158
2025-04-01,Basmati Rice 5kg,11,520,CUST060,East,ORD11159
2025-04-01,Tea Powder 500g,16,240,CUST010,East,ORD11160
2025-04-01,Detergent Powder 2kg,11,310,CUST017,East,ORD11161
2025-04-01,Milk Powder 500g,14,275,CUST007,South,ORD11162
2025-04-01,Spice Mix Pack,26,95,CUST049,West,ORD11163
2025-04-02,Basmati Rice 5kg,12,520,CUST052,South,ORD11164
2025-04-02,Sunflower Oil 1L,24,185,CUST001,South,ORD11165
2025-04-02,Wheat Flour 10kg,9,430,CUST024,West,ORD11166
2025-04-02,Detergent Powder 2kg,11,310,CUST022,West,ORD11167
2025-04-02,Spice Mix Pack,26,95,CUST006,East,ORD11168
2025-04-03,Basmati Rice 5kg,10,520,CUST043,West,ORD11169
2025-04-03,Detergent Powder 2kg,15,310,CUST006,West,ORD11170
2025-04-03,Milk Powder 500g,12,275,CUST038,North,ORD11171
2025-04-04,Basmati Rice 5kg,10,520,CUST004,North,ORD11172
2025-04-04,Sunflower Oil 1L,35,185,CUST025,West,ORD11173
2025-04-04,Wheat Flour 10kg,8,430,CUST031,South,ORD11174
2025-04-04,Milk Powder 500g,13,275,CUST032,South,ORD11175
2025-04-04,Spice Mix Pack,34,95,CUST047,South,ORD11176
2025-04-05,Basmati Rice 5kg,12,520,CUST021,South,ORD11177
2025-04-05,Sunflower Oil 1L,43,185,CUST049,East,ORD11178
2025-04-05,Tea Powder 500g,16,240,CUST025,North,ORD11179
2025-04-05,Wheat Flour 10kg,6,430,CUST032,North,ORD11180
2025-04-05,Toor Dal 1kg,22,160,CUST036,North,ORD11181
2025-04-05,Detergent Powder 2kg,16,310,CUST007,East,ORD11182
2025-04-05,Milk Powder 500g,14,275,CUST060,West,ORD11183
2025-04-06,Tea Powder 500g,20,240,CUST046,South,ORD11184
2025-04-06,Wheat Flour 10kg,7,430,CUST015,North,ORD11185
2025-04-06,Detergent Powder 2kg,13,310,CUST010,West,ORD11186
2025-04-06,Spice Mix Pack,42,95,CUST028,South,ORD11187
2025-04-07,Sunflower Oil 1L,28,185,CUST040,East,ORD11188
2025-04-07,Wheat Flour 10kg,9,430,CUST060,West,ORD11189
2025-04-07,Toor Dal 1kg,27,160,CUST041,South,ORD11190
2025-04-07,Milk Powder 500g,7,275,CUST043,North,ORD11191
2025-04-08,Wheat Flour 10kg,8,430,CUST044,North,ORD11192
2025-04-08,Toor Dal 1kg,21,160,CUST003,East,ORD11193
2025-04-08,Detergent Powder 2kg,11,310,CUST029,West,ORD11194
2025-04-08,Milk Powder 500g,12,275,CUST013,East,ORD11195
2025-04-08,Spice Mix Pack,31,95,CUST032,West,ORD11196
2025-04-09,Basmati Rice 5kg,14,520,CUST051,South,ORD11197
2025-04-09,Toor Dal 1kg,25,160,CUST014,West,ORD11198
2025-04-09,Detergent Powder 2kg,9,310,CUST028,North,ORD11199
2025-04-09,Spice Mix Pack,21,95,CUST004,East,ORD11200
2025-04-10,Sunflower Oil 1L,19,185,CUST058,South,ORD11201
2025-04-10,Tea Powder 500g,22,240,CUST001,South,ORD11202
2025-04-10,Toor Dal 1kg,24,160,CUST019,North,ORD11203
2025-04-10,Detergent Powder 2kg,11,310,CUST004,South,ORD11204
2025-04-10,Spice Mix Pack,20,95,CUST012,North,ORD11205
2025-04-11,Basmati Rice 5kg,11,520,CUST013,North,ORD11206
2025-04-11,Sunflower Oil 1L,22,185,CUST018,West,ORD11207
2025-04-11,Tea Powder 500g,13,240,CUST015,South,ORD11208
2025-04-11,Wheat Flour 10kg,5,430,CUST025,West,ORD11209
2025-04-11,Toor Dal 1kg,30,160,CUST035,East,ORD11210
2025-04-11,Milk Powder 500g,6,275,CUST018,West,ORD11211
2025-04-11,Spice Mix Pack,28,95,CUST044,North,ORD11212
2025-04-12,Basmati Rice 5kg,14,520,CUST040,North,ORD11213
2025-04-12,Tea Powder 500g,30,240,CUST004,West,ORD11214
2025-04-12,Wheat Flour 10kg,14,430,CUST054,South,ORD11215
2025-04-12,Toor Dal 1kg,22,160,CUST059,South,ORD11216
2025-04-12,Milk Powder 500g,14,275,CUST047,West,ORD11217
2025-04-12,Spice Mix Pack,45,95,CUST010,North,ORD11218
2025-04-13,Basmati Rice 5kg,16,520,CUST051,West,ORD11219
2025-04-13,Sunflower Oil 1L,24,185,CUST027,West,ORD11220
2025-04-13,Tea Powder 500g,20,240,CUST005,East,ORD11221
2025-04-13,Wheat Flour 10kg,11,430,CUST013,West,ORD11222
2025-04-13,Spice Mix Pack,31,95,CUST028,South,ORD11223
2025-04-14,Basmati Rice 5kg,11,520,CUST053,West,ORD11224
2025-04-14,Toor Dal 1kg,12,160,CUST023,East,ORD11225
2025-04-14,Spice Mix Pack,31,95,CUST029,West,ORD11226
2025-04-15,Tea Powder 500g,13,240,CUST042,West,ORD11227
2025-04-15,Wheat Flour 10kg,8,430,CUST017,West,ORD11228
2025-04-15,Toor Dal 1kg,17,160,CUST053,South,ORD11229
2025-04-15,Detergent Powder 2kg,14,310,CUST045,North,ORD11230
2025-04-15,Milk Powder 500g,13,275,CUST024,North,ORD11231
2025-04-15,Spice Mix Pack,28,95,CUST058,West,ORD11232
2025-04-16,Basmati Rice 5kg,6,520,CUST055,North,ORD11233
2025-04-16,Sunflower Oil 1L,31,185,CUST040,East,ORD11234
2025-04-16,Toor Dal 1kg,19,160,CUST018,North,ORD11235
2025-04-16,Detergent Powder 2kg,12,310,CUST019,South,ORD11236
2025-04-16,Spice Mix Pack,11,95,CUST027,South,ORD11237
2025-04-17,Tea Powder 500g,14,240,CUST011,South,ORD11238
2025-04-17,Wheat Flour 10kg,9,430,CUST056,East,ORD11239
2025-04-17,Toor Dal 1kg,26,160,CUST051,West,ORD11240
2025-04-17,Detergent Powder 2kg,13,310,CUST036,West,ORD11241
2025-04-17,Milk Powder 500g,11,275,CUST056,South,ORD11242
2025-04-17,Spice Mix Pack,20,95,CUST027,North,ORD11243
2025-04-18,Basmati Rice 5kg,12,520,CUST005,South,ORD11244
2025-04-18,Sunflower Oil 1L,28,185,CUST004,East,ORD11245
2025-04-18,Tea Powder 500g,23,240,CUST006,West,ORD11246
2025-04-18,Wheat Flour 10kg,10,430,CUST014,South,ORD11247
2025-04-18,Spice Mix Pack,32,95,CUST036,East,ORD11248
2025-04-19,Wheat Flour 10kg,11,430,CUST019,South,ORD11249
2025-04-19,Milk Powder 500g,10,275,CUST011,West,ORD11250
2025-04-19,Spice Mix Pack,36,95,CUST011,North,ORD11251
2025-04-20,Basmati Rice 5kg,12,520,CUST028,North,ORD11252
2025-04-20,Sunflower Oil 1L,35,185,CUST057,South,ORD11253
2025-04-20,Wheat Flour 10kg,9,430,CUST050,South,ORD11254
2025-04-20,Toor Dal 1kg,34,160,CUST023,North,ORD11255
2025-04-20,Detergent Powder 2kg,19,310,CUST018,East,ORD11256
2025-04-21,Basmati Rice 5kg,8,520,CUST018,South,ORD11257
2025-04-21,Sunflower Oil 1L,28,185,CUST047,North,ORD11258
2025-04-21,Tea Powder 500g,15,240,CUST050,West,ORD11259
2025-04-21,Toor Dal 1kg,16,160,CUST017,East,ORD11260
2025-04-21,Milk Powder 500g,10,275,CUST038,North,ORD11261
2025-04-21,Spice Mix Pack,34,95,CUST010,North,ORD11262
2025-04-22,Basmati Rice 5kg,9,520,CUST058,North,ORD11263
2025-04-22,Sunflower Oil 1L,20,185,CUST060,North,ORD11264
2025-04-22,Wheat Flour 10kg,6,430,CUST047,North,ORD11265
2025-04-22,Toor Dal 1kg,18,160,CUST002,West,ORD11266
2025-04-22,Detergent Powder 2kg,10,310,CUST012,North,ORD11267
2025-04-23,Basmati Rice 5kg,10,520,CUST022,South,ORD11268
2025-04-23,Sunflower Oil 1L,21,185,CUST007,North,ORD11269
2025-04-23,Toor Dal 1kg,16,160,CUST030,South,ORD11270
2025-04-23,Detergent Powder 2kg,11,310,CUST025,East,ORD11271
2025-04-23,Milk Powder 500g,8,275,CUST038,West,ORD11272
2025-04-23,Spice Mix Pack,25,95,CUST032,South,ORD11273
2025-04-24,Basmati Rice 5kg,8,520,CUST055,North,ORD11274
2025-04-24,Tea Powder 500g,18,240,CUST032,North,ORD11275
2025-04-24,Wheat Flour 10kg,7,430,CUST002,South,ORD11276
2025-04-24,Spice Mix Pack,22,95,CUST001,West,ORD11277
2025-04-25,Tea Powder 500g,13,240,CUST040,West,ORD11278
2025-04-25,Toor Dal 1kg,29,160,CUST007,East,ORD11279
2025-04-25,Detergent Powder 2kg,15,310,CUST048,East,ORD11280
2025-04-25,Spice Mix Pack,37,95,CUST024,South,ORD11281
2025-04-26,Tea Powder 500g,21,240,CUST035,North,ORD11282
2025-04-26,Detergent Powder 2kg,17,310,CUST046,East,ORD11283
2025-04-26,Milk Powder 500g,13,275,CUST022,West,ORD11284
2025-04-26,Spice Mix Pack,32,95,CUST049,East,ORD11285
2025-04-27,Tea Powder 500g,16,240,CUST035,East,ORD11286
2025-04-27,Wheat Flour 10kg,8,430,CUST027,West,ORD11287
2025-04-27,Spice Mix Pack,22,95,CUST056,South,ORD11288
2025-04-28,Basmati Rice 5kg,13,520,CUST016,West,ORD11289
2025-04-28,Wheat Flour 10kg,5,430,CUST019,North,ORD11290
2025-04-28,Detergent Powder 2kg,17,310,CUST019,West,ORD11291
2025-04-28,Milk Powder 500g,10,275,CUST034,South,ORD11292
2025-04-28,Spice Mix Pack,24,95,CUST041,East,ORD11293
2025-04-29,Sunflower Oil 1L,24,185,CUST021,East,ORD11294
2025-04-29,Tea Powder 500g,16,240,CUST045,North,ORD11295
2025-04-29,Toor Dal 1kg,11,160,CUST034,East,ORD11296
2025-04-29,Milk Powder 500g,11,275,CUST018,South,ORD11297
2025-04-29,Spice Mix Pack,24,95,CUST031,South,ORD11298
2025-04-30,Sunflower Oil 1L,22,185,CUST002,North,ORD11299
2025-04-30,Tea Powder 500g,14,240,CUST050,East,ORD11300
2025-04-30,Wheat Flour 10kg,8,430,CUST044,South,ORD11301
2025-04-30,Toor Dal 1kg,16,160,CUST059,West,ORD11302
2025-04-30,Detergent Powder 2kg,14,310,CUST026,South,ORD11303
2025-04-30,Milk Powder 500g,10,275,CUST041,North,ORD11304
2025-04-30,Spice Mix Pack,23,95,CUST019,South,ORD11305
2025-05-01,Basmati Rice 5kg,13,520,CUST037,South,ORD11306
2025-05-01,Sunflower Oil 1L,23,185,CUST036,West,ORD11307
2025-05-01,Wheat Flour 10kg,12,430,CUST057,South,ORD11308
2025-05-01,Detergent Powder 2kg,14,310,CUST019,South,ORD11309
2025-05-01,Milk Powder 500g,7,275,CUST052,North,ORD11310
2025-05-01,Spice Mix Pack,32,95,CUST010,North,ORD11311
2025-05-02,Basmati Rice 5kg,13,520,CUST030,North,ORD11312
2025-05-02,Sunflower Oil 1L,21,185,CUST050,West,ORD11313
2025-05-02,Tea Powder 500g,20,240,CUST052,East,ORD11314
2025-05-02,Detergent Powder 2kg,14,310,CUST014,North,ORD11315
2025-05-02,Milk Powder 500g,8,275,CUST025,West,ORD11316
2025-05-02,Spice Mix Pack,19,95,CUST015,North,ORD11317
2025-05-03,Basmati Rice 5kg,12,520,CUST051,North,ORD11318
2025-05-03,Wheat Flour 10kg,13,430,CUST020,East,ORD11319
2025-05-03,Toor Dal 1kg,28,160,CUST057,South,ORD11320
2025-05-03,Milk Powder 500g,8,275,CUST041,North,ORD11321
2025-05-04,Sunflower Oil 1L,13,185,CUST015,North,ORD11322
2025-05-04,Tea Powder 500g,17,240,CUST005,South,ORD11323
2025-05-04,Wheat Flour 10kg,13,430,CUST034,West,ORD11324
2025-05-04,Milk Powder 500g,20,275,CUST012,South,ORD11325
2025-05-05,Basmati Rice 5kg,13,520,CUST003,West,ORD11326
2025-05-05,Sunflower Oil 1L,30,185,CUST055,North,ORD11327
2025-05-05,Wheat Flour 10kg,6,430,CUST035,South,ORD11328
2025-05-05,Toor Dal 1kg,11,160,CUST031,North,ORD11329
2025-05-05,Spice Mix Pack,36,95,CUST053,East,ORD11330
2025-05-06,Sunflower Oil 1L,25,185,CUST010,South,ORD11331
2025-05-06,Wheat Flour 10kg,12,430,CUST043,South,ORD11332
2025-05-06,Milk Powder 500g,14,275,CUST056,East,ORD11333
2025-05-06,Spice Mix Pack,29,95,CUST044,South,ORD11334
2025-05-07,Basmati Rice 5kg,14,520,CUST059,North,ORD11335
2025-05-07,Sunflower Oil 1L,23,185,CUST039,East,ORD11336
2025-05-07,Wheat Flour 10kg,8,430,CUST001,East,ORD11337
2025-05-07,Toor Dal 1kg,12,160,CUST052,South,ORD11338
2025-05-07,Detergent Powder 2kg,21,310,CUST030,South,ORD11339
2025-05-07,Milk Powder 500g,12,275,CUST035,North,ORD11340
2025-05-07,Spice Mix Pack,22,95,CUST042,South,ORD11341
2025-05-08,Basmati Rice 5kg,9,520,CUST056,East,ORD11342
2025-05-08,Sunflower Oil 1L,31,185,CUST041,East,ORD11343
2025-05-08,Tea Powder 500g,18,240,CUST022,South,ORD11344
2025-05-08,Wheat Flour 10kg,11,430,CUST052,West,ORD11345
2025-05-08,Toor Dal 1kg,22,160,CUST057,West,ORD11346
2025-05-08,Detergent Powder 2kg,14,310,CUST053,North,ORD11347
2025-05-08,Spice Mix Pack,28,95,CUST045,South,ORD11348
2025-05-09,Toor Dal 1kg,18,160,CUST018,North,ORD11349
2025-05-09,Detergent Powder 2kg,16,310,CUST055,West,ORD11350
2025-05-09,Milk Powder 500g,13,275,CUST050,South,ORD11351
2025-05-09,Spice Mix Pack,33,95,CUST050,East,ORD11352
2025-05-10,Basmati Rice 5kg,17,520,CUST015,North,ORD11353
2025-05-10,Sunflower Oil 1L,42,185,CUST021,North,ORD11354
2025-05-10,Tea Powder 500g,18,240,CUST019,South,ORD11355
2025-05-10,Toor Dal 1kg,31,160,CUST051,West,ORD11356
2025-05-10,Detergent Powder 2kg,17,310,CUST013,South,ORD11357
2025-05-11,Sunflower Oil 1L,21,185,CUST030,South,ORD11358
2025-05-11,Tea Powder 500g,19,240,CUST027,West,ORD11359
2025-05-11,Wheat Flour 10kg,9,430,CUST058,South,ORD11360
2025-05-11,Toor Dal 1kg,33,160,CUST020,East,ORD11361
2025-05-11,Detergent Powder 2kg,19,310,CUST019,South,ORD11362
2025-05-11,Milk Powder 500g,18,275,CUST042,West,ORD11363
2025-05-11,Spice Mix Pack,48,95,CUST021,South,ORD11364
2025-05-12,Basmati Rice 5kg,8,520,CUST060,South,ORD11365
2025-05-12,Sunflower Oil 1L,27,185,CUST036,East,ORD11366
2025-05-12,Tea Powder 500g,16,240,CUST042,West,ORD11367
2025-05-12,Wheat Flour 10kg,8,430,CUST010,East,ORD11368
2025-05-12,Detergent Powder 2kg,8,310,CUST011,West,ORD11369
2025-05-12,Milk Powder 500g,12,275,CUST033,South,ORD11370
2025-05-12,Spice Mix Pack,32,95,CUST022,East,ORD11371
2025-05-13,Basmati Rice 5kg,10,520,CUST018,North,ORD11372
2025-05-13,Sunflower Oil 1L,18,185,CUST039,South,ORD11373
2025-05-13,Tea Powder 500g,27,240,CUST014,East,ORD11374
2025-05-13,Wheat Flour 10kg,10,430,CUST007,East,ORD11375
2025-05-13,Detergent Powder 2kg,9,310,CUST008,South,ORD11376
2025-05-13,Milk Powder 500g,12,275,CUST026,West,ORD11377
2025-05-13,Spice Mix Pack,35,95,CUST059,South,ORD11378
2025-05-14,Basmati Rice 5kg,12,520,CUST039,North,ORD11379
2025-05-14,Sunflower Oil 1L,30,185,CUST006,North,ORD11380
2025-05-14,Toor Dal 1kg,26,160,CUST007,South,ORD11381
2025-05-14,Milk Powder 500g,8,275,CUST027,East,ORD11382
2025-05-15,Basmati Rice 5kg,8,520,CUST045,North,ORD11383
2025-05-15,Sunflower Oil 1L,28,185,CUST001,West,ORD11384
2025-05-15,Tea Powder 500g,17,240,CUST025,West,ORD11385
2025-05-15,Milk Powder 500g,10,275,CUST035,South,ORD11386
2025-05-15,Spice Mix Pack,34,95,CUST051,East,ORD11387
2025-05-16,Basmati Rice 5kg,9,520,CUST002,West,ORD11388
2025-05-16,Tea Powder 500g,26,240,CUST025,West,ORD11389
2025-05-16,Detergent Powder 2kg,15,310,CUST014,East,ORD11390
2025-05-16,Milk Powder 500g,14,275,CUST049,West,ORD11391
2025-05-16,Spice Mix Pack,36,95,CUST041,East,ORD11392
2025-05-17,Basmati Rice 5kg,10,520,CUST031,South,ORD11393
2025-05-17,Wheat Flour 10kg,10,430,CUST029,South,ORD11394
2025-05-17,Toor Dal 1kg,18,160,CUST041,West,ORD11395
2025-05-17,Milk Powder 500g,15,275,CUST022,South,ORD11396
2025-05-17,Spice Mix Pack,37,95,CUST028,South,ORD11397
2025-05-18,Basmati Rice 5kg,13,520,CUST031,South,ORD11398
2025-05-18,Tea Powder 500g,23,240,CUST010,North,ORD11399
2025-05-18,Wheat Flour 10kg,11,430,CUST017,South,ORD11400
2025-05-18,Toor Dal 1kg,30,160,CUST004,West,ORD11401
2025-05-18,Milk Powder 500g,12,275,CUST023,North,ORD11402
2025-05-19,Tea Powder 500g,15,240,CUST028,South,ORD11403
2025-05-19,Wheat Flour 10kg,9,430,CUST015,West,ORD11404
2025-05-19,Toor Dal 1kg,20,160,CUST055,South,ORD11405
2025-05-19,Detergent Powder 2kg,16,310,CUST057,West,ORD11406
2025-05-19,Milk Powder 500g,10,275,CUST005,North,ORD11407
2025-05-19,Spice Mix Pack,31,95,CUST022,East,ORD11408
2025-05-20,Sunflower Oil 1L,35,185,CUST053,West,ORD11409
2025-05-20,Tea Powder 500g,19,240,CUST057,North,ORD11410
2025-05-20,Wheat Flour 10kg,8,430,CUST006,South,ORD11411
2025-05-20,Toor Dal 1kg,13,160,CUST017,South,ORD11412
2025-05-20,Detergent Powder 2kg,12,310,CUST028,South,ORD11413
2025-05-20,Milk Powder 500g,9,275,CUST021,West,ORD11414
2025-05-21,Sunflower Oil 1L,23,185,CUST024,West,ORD11415
2025-05-21,Tea Powder 500g,17,240,CUST031,North,ORD11416
2025-05-21,Toor Dal 1kg,27,160,CUST028,East,ORD11417
2025-05-21,Detergent Powder 2kg,11,310,CUST059,North,ORD11418
2025-05-21,Milk Powder 500g,8,275,CUST053,North,ORD11419
2025-05-21,Spice Mix Pack,30,95,CUST021,North,ORD11420
2025-05-22,Tea Powder 500g,16,240,CUST009,North,ORD11421
2025-05-22,Toor Dal 1kg,16,160,CUST029,North,ORD11422
2025-05-22,Detergent Powder 2kg,12,310,CUST014,North,ORD11423
2025-05-22,Milk Powder 500g,13,275,CUST017,South,ORD11424
2025-05-22,Spice Mix Pack,26,95,CUST036,West,ORD11425
2025-05-23,Sunflower Oil 1L,31,185,CUST004,West,ORD11426
2025-05-23,Detergent Powder 2kg,7,310,CUST047,West,ORD11427
2025-05-24,Sunflower Oil 1L,30,185,CUST008,West,ORD11428
2025-05-24,Toor Dal 1kg,26,160,CUST022,East,ORD11429
2025-05-24,Spice Mix Pack,55,95,CUST042,South,ORD11430
2025-05-25,Basmati Rice 5kg,8,520,CUST057,West,ORD11431
2025-05-25,Tea Powder 500g,21,240,CUST030,East,ORD11432
2025-05-25,Wheat Flour 10kg,14,430,CUST013,North,ORD11433
2025-05-25,Toor Dal 1kg,26,160,CUST004,East,ORD11434
2025-05-25,Detergent Powder 2kg,14,310,CUST057,East,ORD11435
2025-05-25,Milk Powder 500g,15,275,CUST011,West,ORD11436
2025-05-25,Spice Mix Pack,37,95,CUST010,West,ORD11437
2025-05-26,Sunflower Oil 1L,27,185,CUST039,West,ORD11438
2025-05-26,Tea Powder 500g,22,240,CUST001,South,ORD11439
2025-05-26,Wheat Flour 10kg,10,430,CUST055,West,ORD11440
2025-05-26,Milk Powder 500g,11,275,CUST018,North,ORD11441
2025-05-26,Spice Mix Pack,14,95,CUST015,East,ORD11442
2025-05-27,Basmati Rice 5kg,10,520,CUST003,North,ORD11443
2025-05-27,Sunflower Oil 1L,31,185,CUST005,South,ORD11444
2025-05-27,Wheat Flour 10kg,10,430,CUST021,West,ORD11445
2025-05-27,Toor Dal 1kg,21,160,CUST015,East,ORD11446
2025-05-27,Milk Powder 500g,14,275,CUST018,West,ORD11447
2025-05-28,Sunflower Oil 1L,29,185,CUST059,North,ORD11448
2025-05-28,Tea Powder 500g,17,240,CUST052,West,ORD11449
2025-05-28,Wheat Flour 10kg,8,430,CUST006,South,ORD11450
2025-05-28,Toor Dal 1kg,20,160,CUST022,West,ORD11451
2025-05-28,Detergent Powder 2kg,18,310,CUST009,North,ORD11452
2025-05-28,Milk Powder 500g,12,275,CUST025,West,ORD11453
2025-05-29,Sunflower Oil 1L,24,185,CUST023,North,ORD11454
2025-05-29,Toor Dal 1kg,31,160,CUST003,West,ORD11455
2025-05-29,Detergent Powder 2kg,12,310,CUST027,South,ORD11456
2025-05-29,Milk Powder 500g,13,275,CUST013,East,ORD11457
2025-05-29,Spice Mix Pack,26,95,CUST027,South,ORD11458
2025-05-30,Sunflower Oil 1L,34,185,CUST035,North,ORD11459
2025-05-30,Wheat Flour 10kg,11,430,CUST046,East,ORD11460
2025-05-30,Detergent Powder 2kg,15,310,CUST006,West,ORD11461
2025-05-30,Milk Powder 500g,9,275,CUST032,East,ORD11462
2025-05-31,Basmati Rice 5kg,20,520,CUST036,North,ORD11463
2025-05-31,Sunflower Oil 1L,46,185,CUST011,East,ORD11464
2025-05-31,Wheat Flour 10kg,11,430,CUST033,West,ORD11465
2025-05-31,Toor Dal 1kg,18,160,CUST008,North,ORD11466
2025-06-01,Sunflower Oil 1L,30,185,CUST031,West,ORD11467
2025-06-01,Tea Powder 500g,20,240,CUST059,West,ORD11468
2025-06-01,Wheat Flour 10kg,10,430,CUST008,North,ORD11469
2025-06-01,Toor Dal 1kg,22,160,CUST044,North,ORD11470
2025-06-01,Spice Mix Pack,37,95,CUST059,South,ORD11471
2025-06-02,Basmati Rice 5kg,8,520,CUST027,South,ORD11472
2025-06-02,Sunflower Oil 1L,28,185,CUST035,East,ORD11473
2025-06-02,Tea Powder 500g,18,240,CUST011,South,ORD11474
2025-06-02,Wheat Flour 10kg,11,430,CUST031,North,ORD11475
2025-06-02,Detergent Powder 2kg,14,310,CUST036,West,ORD11476
2025-06-02,Spice Mix Pack,14,95,CUST010,South,ORD11477
2025-06-03,Basmati Rice 5kg,9,520,CUST019,South,ORD11478
2025-06-03,Sunflower Oil 1L,23,185,CUST002,South,ORD11479
2025-06-03,Tea Powder 500g,16,240,CUST055,West,ORD11480
2025-06-03,Wheat Flour 10kg,8,430,CUST038,North,ORD11481
2025-06-03,Toor Dal 1kg,21,160,CUST018,West,ORD11482
2025-06-04,Basmati Rice 5kg,9,520,CUST041,West,ORD11483
2025-06-04,Sunflower Oil 1L,23,185,CUST037,North,ORD11484
2025-06-04,Tea Powder 500g,14,240,CUST059,East,ORD11485
2025-06-04,Wheat Flour 10kg,7,430,CUST051,East,ORD11486
2025-06-04,Toor Dal 1kg,26,160,CUST032,West,ORD11487
2025-06-04,Milk Powder 500g,10,275,CUST023,South,ORD11488
2025-06-04,Spice Mix Pack,31,95,CUST031,West,ORD11489
2025-06-05,Basmati Rice 5kg,14,520,CUST046,South,ORD11490
2025-06-05,Tea Powder 500g,22,240,CUST014,South,ORD11491
2025-06-05,Wheat Flour 10kg,4,430,CUST042,North,ORD11492
2025-06-05,Toor Dal 1kg,18,160,CUST053,North,ORD11493
2025-06-05,Detergent Powder 2kg,13,310,CUST015,West,ORD11494
2025-06-05,Spice Mix Pack,29,95,CUST007,East,ORD11495
2025-06-06,Sunflower Oil 1L,28,185,CUST044,East,ORD11496
2025-06-06,Wheat Flour 10kg,13,430,CUST060,East,ORD11497
2025-06-06,Milk Powder 500g,12,275,CUST042,East,ORD11498
2025-06-06,Spice Mix Pack,23,95,CUST045,South,ORD11499
2025-06-07,Basmati Rice 5kg,11,520,CUST031,South,ORD11500
2025-06-07,Tea Powder 500g,25,240,CUST009,North,ORD11501
2025-06-07,Toor Dal 1kg,33,160,CUST019,South,ORD11502
2025-06-07,Milk Powder 500g,14,275,CUST012,South,ORD11503
2025-06-07,Spice Mix Pack,27,95,CUST016,North,ORD11504
2025-06-08,Sunflower Oil 1L,34,185,CUST003,West,ORD11505
2025-06-08,Tea Powder 500g,24,240,CUST045,North,ORD11506
2025-06-08,Wheat Flour 10kg,10,430,CUST029,West,ORD11507
2025-06-08,Detergent Powder 2kg,10,310,CUST051,South,ORD11508
2025-06-08,Milk Powder 500g,12,275,CUST049,North,ORD11509
2025-06-09,Tea Powder 500g,14,240,CUST006,South,ORD11510
2025-06-09,Wheat Flour 10kg,6,430,CUST012,North,ORD11511
2025-06-09,Detergent Powder 2kg,13,310,CUST008,West,ORD11512
2025-06-09,Spice Mix Pack,28,95,CUST056,West,ORD11513
2025-06-10,Sunflower Oil 1L,20,185,CUST026,East,ORD11514
2025-06-10,Tea Powder 500g,15,240,CUST050,East,ORD11515
2025-06-10,Wheat Flour 10kg,6,430,CUST037,West,ORD11516
2025-06-10,Detergent Powder 2kg,10,310,CUST028,East,ORD11517
2025-06-11,Basmati Rice 5kg,10,520,CUST018,North,ORD11518
2025-06-11,Sunflower Oil 1L,21,185,CUST056,North,ORD11519
2025-06-11,Wheat Flour 10kg,8,430,CUST032,North,ORD11520
2025-06-11,Milk Powder 500g,9,275,CUST031,North,ORD11521
2025-06-12,Basmati Rice 5kg,12,520,CUST051,South,ORD11522
2025-06-12,Sunflower Oil 1L,31,185,CUST054,South,ORD11523
2025-06-12,Tea Powder 500g,20,240,CUST050,West,ORD11524
2025-06-12,Wheat Flour 10kg,6,430,CUST005,South,ORD11525
2025-06-12,Toor Dal 1kg,19,160,CUST004,North,ORD11526
2025-06-12,Detergent Powder 2kg,8,310,CUST046,South,ORD11527
2025-06-12,Milk Powder 500g,8,275,CUST006,East,ORD11528
2025-06-12,Spice Mix Pack,26,95,CUST020,West,ORD11529
2025-06-13,Basmati Rice 5kg,11,520,CUST051,North,ORD11530
2025-06-13,Sunflower Oil 1L,27,185,CUST051,West,ORD11531
2025-06-13,Wheat Flour 10kg,9,430,CUST055,South,ORD11532
2025-06-13,Toor Dal 1kg,26,160,CUST041,South,ORD11533
2025-06-13,Detergent Powder 2kg,13,310,CUST031,North,ORD11534
2025-06-13,Milk Powder 500g,12,275,CUST002,West,ORD11535
2025-06-14,Sunflower Oil 1L,16,185,CUST048,West,ORD11536
2025-06-14,Detergent Powder 2kg,18,310,CUST025,South,ORD11537
2025-06-14,Milk Powder 500g,13,275,CUST006,South,ORD11538
2025-06-14,Spice Mix Pack,37,95,CUST042,North,ORD11539
2025-06-15,Basmati Rice 5kg,9,520,CUST055,North,ORD11540
2025-06-15,Sunflower Oil 1L,24,185,CUST009,East,ORD11541
2025-06-15,Tea Powder 500g,26,240,CUST060,North,ORD11542
2025-06-15,Toor Dal 1kg,28,160,CUST029,East,ORD11543
2025-06-15,Detergent Powder 2kg,18,310,CUST052,South,ORD11544
2025-06-15,Spice Mix Pack,23,95,CUST004,South,ORD11545
2025-06-16,Basmati Rice 5kg,11,520,CUST011,East,ORD11546
2025-06-16,Toor Dal 1kg,24,160,CUST014,South,ORD11547
2025-06-16,Detergent Powder 2kg,15,310,CUST049,North,ORD11548
2025-06-16,Milk Powder 500g,7,275,CUST009,West,ORD11549
2025-06-16,Spice Mix Pack,31,95,CUST043,South,ORD11550
2025-06-17,Basmati Rice 5kg,10,520,CUST056,West,ORD11551
2025-06-17,Wheat Flour 10kg,5,430,CUST001,North,ORD11552
2025-06-17,Toor Dal 1kg,17,160,CUST011,North,ORD11553
2025-06-17,Milk Powder 500g,10,275,CUST009,East,ORD11554
2025-06-18,Basmati Rice 5kg,14,520,CUST046,North,ORD11555
2025-06-18,Sunflower Oil 1L,31,185,CUST039,East,ORD11556
2025-06-18,Wheat Flour 10kg,6,430,CUST028,South,ORD11557
2025-06-18,Milk Powder 500g,8,275,CUST024,South,ORD11558
2025-06-18,Spice Mix Pack,30,95,CUST022,West,ORD11559
2025-06-19,Toor Dal 1kg,27,160,CUST051,East,ORD11560
2025-06-19,Detergent Powder 2kg,11,310,CUST048,South,ORD11561
2025-06-19,Milk Powder 500g,10,275,CUST019,South,ORD11562
2025-06-19,Spice Mix Pack,22,95,CUST037,East,ORD11563
2025-06-20,Basmati Rice 5kg,13,520,CUST047,South,ORD11564
2025-06-20,Sunflower Oil 1L,33,185,CUST035,North,ORD11565
2025-06-20,Wheat Flour 10kg,10,430,CUST016,East,ORD11566
2025-06-20,Detergent Powder 2kg,9,310,CUST002,North,ORD11567
2025-06-20,Milk Powder 500g,10,275,CUST044,North,ORD11568
2025-06-21,Basmati Rice 5kg,17,520,CUST018,North,ORD11569
2025-06-21,Tea Powder 500g,20,240,CUST050,North,ORD11570
2025-06-21,Wheat Flour 10kg,9,430,CUST023,East,ORD11571
2025-06-21,Detergent Powder 2kg,21,310,CUST046,East,ORD11572
2025-06-21,Milk Powder 500g,11,275,CUST009,South,ORD11573
2025-06-22,Basmati Rice 5kg,17,520,CUST021,East,ORD11574
2025-06-22,Sunflower Oil 1L,28,185,CUST031,South,ORD11575
2025-06-22,Tea Powder 500g,28,240,CUST019,North,ORD11576
2025-06-22,Toor Dal 1kg,20,160,CUST057,East,ORD11577
2025-06-22,Detergent Powder 2kg,11,310,CUST007,North,ORD11578
2025-06-23,Sunflower Oil 1L,22,185,CUST023,North,ORD11579
2025-06-23,Tea Powder 500g,21,240,CUST019,West,ORD11580
2025-06-23,Toor Dal 1kg,24,160,CUST019,West,ORD11581
2025-06-23,Detergent Powder 2kg,9,310,CUST047,East,ORD11582
2025-06-23,Milk Powder 500g,11,275,CUST029,West,ORD11583
2025-06-24,Sunflower Oil 1L,20,185,CUST017,South,ORD11584
2025-06-24,Wheat Flour 10kg,11,430,CUST001,West,ORD11585
2025-06-24,Detergent Powder 2kg,9,310,CUST051,South,ORD11586
2025-06-24,Milk Powder 500g,14,275,CUST027,East,ORD11587
2025-06-24,Spice Mix Pack,25,95,CUST029,North,ORD11588
2025-06-25,Tea Powder 500g,13,240,CUST005,North,ORD11589
2025-06-25,Wheat Flour 10kg,10,430,CUST041,South,ORD11590
2025-06-25,Toor Dal 1kg,20,160,CUST019,North,ORD11591
2025-06-25,Detergent Powder 2kg,12,310,CUST019,South,ORD11592
2025-06-25,Milk Powder 500g,10,275,CUST053,East,ORD11593
2025-06-25,Spice Mix Pack,26,95,CUST005,South,ORD11594
2025-06-26,Tea Powder 500g,18,240,CUST057,East,ORD11595
2025-06-26,Wheat Flour 10kg,8,430,CUST015,West,ORD11596
2025-06-26,Toor Dal 1kg,21,160,CUST052,East,ORD11597
2025-06-26,Detergent Powder 2kg,7,310,CUST011,West,ORD11598
2025-06-26,Milk Powder 500g,12,275,CUST029,North,ORD11599
2025-06-26,Spice Mix Pack,22,95,CUST034,South,ORD11600
2025-06-27,Tea Powder 500g,24,240,CUST025,East,ORD11601
2025-06-27,Wheat Flour 10kg,9,430,CUST004,South,ORD11602
2025-06-27,Detergent Powder 2kg,15,310,CUST003,West,ORD11603
2025-06-27,Spice Mix Pack,21,95,CUST025,West,ORD11604
2025-06-28,Wheat Flour 10kg,13,430,CUST034,West,ORD11605
2025-06-28,Toor Dal 1kg,18,160,CUST016,South,ORD11606
2025-06-28,Milk Powder 500g,13,275,CUST051,North,ORD11607
2025-06-29,Wheat Flour 10kg,10,430,CUST038,South,ORD11608
2025-06-29,Toor Dal 1kg,22,160,CUST033,West,ORD11609
2025-06-29,Milk Powder 500g,11,275,CUST059,South,ORD11610
2025-06-30,Basmati Rice 5kg,12,520,CUST035,North,ORD11611
2025-06-30,Sunflower Oil 1L,24,185,CUST024,East,ORD11612
2025-06-30,Spice Mix Pack,18,95,CUST052,South,ORD11613
2025-07-01,Basmati Rice 5kg,10,520,CUST048,North,ORD11614
2025-07-01,Sunflower Oil 1L,25,185,CUST046,North,ORD11615
2025-07-01,Wheat Flour 10kg,7,430,CUST010,West,ORD11616
2025-07-01,Toor Dal 1kg,17,160,CUST028,West,ORD11617
2025-07-01,Detergent Powder 2kg,12,310,CUST001,North,ORD11618
2025-07-01,Spice Mix Pack,19,95,CUST045,East,ORD11619
2025-07-02,Basmati Rice 5kg,11,520,CUST039,East,ORD11620
2025-07-02,Sunflower Oil 1L,6,185,CUST048,South,ORD11621
2025-07-02,Tea Powder 500g,19,240,CUST049,West,ORD11622
2025-07-02,Wheat Flour 10kg,9,430,CUST010,East,ORD11623
2025-07-02,Toor Dal 1kg,17,160,CUST041,South,ORD11624
2025-07-02,Spice Mix Pack,24,95,CUST009,South,ORD11625
2025-07-03,Sunflower Oil 1L,26,185,CUST058,North,ORD11626
2025-07-03,Tea Powder 500g,19,240,CUST045,West,ORD11627
2025-07-03,Toor Dal 1kg,18,160,CUST034,East,ORD11628
2025-07-03,Detergent Powder 2kg,12,310,CUST025,East,ORD11629
2025-07-03,Milk Powder 500g,11,275,CUST035,East,ORD11630
2025-07-03,Spice Mix Pack,27,95,CUST023,North,ORD11631
2025-07-04,Sunflower Oil 1L,21,185,CUST034,East,ORD11632
2025-07-04,Tea Powder 500g,20,240,CUST058,West,ORD11633
2025-07-04,Wheat Flour 10kg,9,430,CUST040,South,ORD11634
2025-07-04,Toor Dal 1kg,23,160,CUST032,East,ORD11635
2025-07-04,Detergent Powder 2kg,14,310,CUST016,South,ORD11636
2025-07-04,Milk Powder 500g,10,275,CUST050,West,ORD11637
2025-07-04,Spice Mix Pack,21,95,CUST050,West,ORD11638
2025-07-05,Basmati Rice 5kg,14,520,CUST018,North,ORD11639
2025-07-05,Wheat Flour 10kg,11,430,CUST011,South,ORD11640
2025-07-05,Toor Dal 1kg,35,160,CUST059,South,ORD11641
2025-07-05,Milk Powder 500g,12,275,CUST041,South,ORD11642
2025-07-05,Spice Mix Pack,49,95,CUST008,North,ORD11643
2025-07-06,Basmati Rice 5kg,11,520,CUST024,South,ORD11644
2025-07-06,Sunflower Oil 1L,18,185,CUST026,South,ORD11645
2025-07-06,Tea Powder 500g,7,240,CUST055,South,ORD11646
2025-07-06,Toor Dal 1kg,30,160,CUST027,North,ORD11647
2025-07-06,Spice Mix Pack,26,95,CUST057,North,ORD11648
2025-07-07,Basmati Rice 5kg,8,520,CUST034,South,ORD11649
2025-07-07,Wheat Flour 10kg,5,430,CUST024,South,ORD11650
2025-07-07,Detergent Powder 2kg,14,310,CUST042,East,ORD11651
2025-07-07,Spice Mix Pack,29,95,CUST016,North,ORD11652
2025-07-08,Tea Powder 500g,19,240,CUST049,North,ORD11653
2025-07-08,Wheat Flour 10kg,7,430,CUST019,South,ORD11654
2025-07-08,Toor Dal 1kg,15,160,CUST008,West,ORD11655
2025-07-08,Detergent Powder 2kg,9,310,CUST026,West,ORD11656
2025-07-08,Spice Mix Pack,25,95,CUST020,West,ORD11657
2025-07-09,Basmati Rice 5kg,11,520,CUST055,West,ORD11658
2025-07-09,Sunflower Oil 1L,26,185,CUST007,West,ORD11659
2025-07-09,Tea Powder 500g,17,240,CUST052,West,ORD11660
2025-07-09,Toor Dal 1kg,19,160,CUST051,West,ORD11661
2025-07-09,Spice Mix Pack,20,95,CUST059,East,ORD11662
2025-07-10,Basmati Rice 5kg,9,520,CUST060,North,ORD11663
2025-07-10,Wheat Flour 10kg,9,430,CUST053,South,ORD11664
2025-07-10,Toor Dal 1kg,19,160,CUST007,West,ORD11665
2025-07-10,Milk Powder 500g,9,275,CUST047,East,ORD11666
2025-07-11,Tea Powder 500g,13,240,CUST057,North,ORD11667
2025-07-11,Wheat Flour 10kg,13,430,CUST007,North,ORD11668
2025-07-11,Toor Dal 1kg,28,160,CUST053,West,ORD11669
2025-07-11,Detergent Powder 2kg,11,310,CUST024,West,ORD11670
2025-07-12,Basmati Rice 5kg,17,520,CUST049,East,ORD11671
2025-07-12,Tea Powder 500g,21,240,CUST014,North,ORD11672
2025-07-12,Wheat Flour 10kg,7,430,CUST020,South,ORD11673
2025-07-12,Detergent Powder 2kg,14,310,CUST020,East,ORD11674
2025-07-12,Milk Powder 500g,16,275,CUST052,South,ORD11675
2025-07-13,Basmati Rice 5kg,7,520,CUST014,South,ORD11676
2025-07-13,Sunflower Oil 1L,24,185,CUST011,East,ORD11677
2025-07-13,Tea Powder 500g,18,240,CUST028,East,ORD11678
2025-07-13,Toor Dal 1kg,26,160,CUST009,West,ORD11679
2025-07-13,Detergent Powder 2kg,14,310,CUST020,East,ORD11680
2025-07-14,Basmati Rice 5kg,12,520,CUST054,West,ORD11681
2025-07-14,Sunflower Oil 1L,28,185,CUST011,South,ORD11682
2025-07-14,Wheat Flour 10kg,10,430,CUST044,West,ORD11683
2025-07-14,Toor Dal 1kg,17,160,CUST014,East,ORD11684
2025-07-14,Spice Mix Pack,20,95,CUST043,South,ORD11685
2025-07-15,Tea Powder 500g,20,240,CUST001,South,ORD11686
2025-07-15,Wheat Flour 10kg,6,430,CUST005,South,ORD11687
2025-07-15,Milk Powder 500g,8,275,CUST054,South,ORD11688
2025-07-15,Spice Mix Pack,29,95,CUST015,South,ORD11689
2025-07-16,Basmati Rice 5kg,9,520,CUST060,North,ORD11690
2025-07-16,Sunflower Oil 1L,23,185,CUST017,East,ORD11691
2025-07-16,Toor Dal 1kg,18,160,CUST009,South,ORD11692
2025-07-16,Spice Mix Pack,15,95,CUST046,North,ORD11693
2025-07-17,Sunflower Oil 1L,22,185,CUST049,South,ORD11694
2025-07-17,Tea Powder 500g,14,240,CUST053,South,ORD11695
2025-07-17,Wheat Flour 10kg,6,430,CUST015,East,ORD11696
2025-07-17,Toor Dal 1kg,16,160,CUST045,East,ORD11697
2025-07-17,Detergent Powder 2kg,16,310,CUST058,North,ORD11698
2025-07-17,Milk Powder 500g,6,275,CUST032,North,ORD11699
2025-07-17,Spice Mix Pack,33,95,CUST028,South,ORD11700
2025-07-18,Tea Powder 500g,20,240,CUST018,North,ORD11701
2025-07-18,Wheat Flour 10kg,10,430,CUST046,West,ORD11702
2025-07-18,Toor Dal 1kg,24,160,CUST055,South,ORD11703
2025-07-18,Detergent Powder 2kg,12,310,CUST008,East,ORD11704
2025-07-18,Milk Powder 500g,13,275,CUST023,West,ORD11705
2025-07-19,Sunflower Oil 1L,16,185,CUST046,East,ORD11706
2025-07-19,Wheat Flour 10kg,7,430,CUST048,South,ORD11707
2025-07-19,Toor Dal 1kg,23,160,CUST033,South,ORD11708
2025-07-19,Detergent Powder 2kg,17,310,CUST017,North,ORD11709
2025-07-19,Milk Powder 500g,16,275,CUST024,East,ORD11710
2025-07-20,Basmati Rice 5kg,10,520,CUST023,West,ORD11711
2025-07-20,Sunflower Oil 1L,28,185,CUST048,North,ORD11712
2025-07-20,Tea Powder 500g,14,240,CUST047,East,ORD11713
2025-07-20,Wheat Flour 10kg,10,430,CUST010,West,ORD11714
2025-07-20,Toor Dal 1kg,23,160,CUST016,North,ORD11715
2025-07-20,Detergent Powder 2kg,13,310,CUST020,East,ORD11716
2025-07-20,Spice Mix Pack,21,95,CUST014,North,ORD11717
2025-07-21,Basmati Rice 5kg,7,520,CUST038,South,ORD11718
2025-07-21,Sunflower Oil 1L,20,185,CUST037,East,ORD11719
2025-07-21,Tea Powder 500g,13,240,CUST008,West,ORD11720
2025-07-21,Spice Mix Pack,25,95,CUST054,North,ORD11721
2025-07-22,Basmati Rice 5kg,10,520,CUST026,South,ORD11722
2025-07-22,Sunflower Oil 1L,15,185,CUST038,West,ORD11723
2025-07-22,Detergent Powder 2kg,12,310,CUST054,West,ORD11724
2025-07-22,Milk Powder 500g,8,275,CUST024,East,ORD11725
2025-07-22,Spice Mix Pack,22,95,CUST024,West,ORD11726
2025-07-23,Sunflower Oil 1L,17,185,CUST016,South,ORD11727
2025-07-23,Tea Powder 500g,15,240,CUST057,South,ORD11728
2025-07-23,Detergent Powder 2kg,14,310,CUST054,West,ORD11729
2025-07-23,Milk Powder 500g,7,275,CUST007,South,ORD11730
2025-07-23,Spice Mix Pack,20,95,CUST042,East,ORD11731
2025-07-24,Basmati Rice 5kg,7,520,CUST037,North,ORD11732
2025-07-24,Tea Powder 500g,18,240,CUST043,South,ORD11733
2025-07-24,Wheat Flour 10kg,7,430,CUST017,East,ORD11734
2025-07-24,Toor Dal 1kg,18,160,CUST028,South,ORD11735
2025-07-24,Detergent Powder 2kg,15,310,CUST051,West,ORD11736
2025-07-24,Milk Powder 500g,8,275,CUST055,West,ORD11737
2025-07-24,Spice Mix Pack,24,95,CUST025,West,ORD11738
2025-07-25,Wheat Flour 10kg,12,430,CUST021,West,ORD11739
2025-07-26,Basmati Rice 5kg,14,520,CUST034,East,ORD11740
2025-07-26,Tea Powder 500g,25,240,CUST055,North,ORD11741
2025-07-26,Wheat Flour 10kg,6,430,CUST060,South,ORD11742
2025-07-26,Detergent Powder 2kg,10,310,CUST030,North,ORD11743
2025-07-26,Milk Powder 500g,9,275,CUST034,West,ORD11744
2025-07-27,Basmati Rice 5kg,14,520,CUST060,West,ORD11745
2025-07-27,Sunflower Oil 1L,40,185,CUST032,West,ORD11746
2025-07-27,Tea Powder 500g,22,240,CUST047,East,ORD11747
2025-07-27,Wheat Flour 10kg,12,430,CUST031,East,ORD11748
2025-07-27,Milk Powder 500g,15,275,CUST010,South,ORD11749
2025-07-28,Sunflower Oil 1L,23,185,CUST041,North,ORD11750
2025-07-28,Wheat Flour 10kg,5,430,CUST020,West,ORD11751
2025-07-28,Spice Mix Pack,24,95,CUST001,East,ORD11752
2025-07-29,Sunflower Oil 1L,23,185,CUST049,North,ORD11753
2025-07-29,Tea Powder 500g,20,240,CUST048,North,ORD11754
2025-07-29,Toor Dal 1kg,19,160,CUST042,North,ORD11755
2025-07-30,Tea Powder 500g,10,240,CUST038,West,ORD11756
2025-07-30,Toor Dal 1kg,18,160,CUST055,East,ORD11757
2025-07-30,Detergent Powder 2kg,10,310,CUST001,North,ORD11758
2025-07-30,Spice Mix Pack,24,95,CUST046,South,ORD11759
2025-07-31,Basmati Rice 5kg,9,520,CUST006,East,ORD11760
2025-07-31,Wheat Flour 10kg,10,430,CUST033,East,ORD11761
2025-07-31,Toor Dal 1kg,24,160,CUST010,West,ORD11762
2025-07-31,Spice Mix Pack,24,95,CUST001,West,ORD11763
2025-08-01,Basmati Rice 5kg,11,520,CUST041,East,ORD11764
2025-08-01,Sunflower Oil 1L,35,185,CUST034,East,ORD11765
2025-08-01,Detergent Powder 2kg,18,310,CUST034,West,ORD11766
2025-08-01,Spice Mix Pack,33,95,CUST046,North,ORD11767
2025-08-02,Basmati Rice 5kg,20,520,CUST002,South,ORD11768
2025-08-02,Sunflower Oil 1L,40,185,CUST051,West,ORD11769
2025-08-02,Tea Powder 500g,19,240,CUST037,East,ORD11770
2025-08-02,Wheat Flour 10kg,11,430,CUST024,North,ORD11771
2025-08-02,Detergent Powder 2kg,17,310,CUST036,South,ORD11772
2025-08-03,Basmati Rice 5kg,12,520,CUST055,East,ORD11773
2025-08-03,Tea Powder 500g,28,240,CUST017,South,ORD11774
2025-08-03,Wheat Flour 10kg,14,430,CUST007,East,ORD11775
2025-08-03,Toor Dal 1kg,28,160,CUST056,West,ORD11776
2025-08-03,Detergent Powder 2kg,15,310,CUST037,North,ORD11777
2025-08-03,Milk Powder 500g,13,275,CUST037,South,ORD11778
2025-08-04,Sunflower Oil 1L,25,185,CUST040,South,ORD11779
2025-08-04,Tea Powder 500g,14,240,CUST057,North,ORD11780
2025-08-04,Wheat Flour 10kg,8,430,CUST019,North,ORD11781
2025-08-05,Basmati Rice 5kg,9,520,CUST008,West,ORD11782
2025-08-05,Sunflower Oil 1L,32,185,CUST042,North,ORD11783
2025-08-05,Tea Powder 500g,13,240,CUST024,South,ORD11784
2025-08-05,Wheat Flour 10kg,9,430,CUST029,East,ORD11785
2025-08-05,Toor Dal 1kg,28,160,CUST048,East,ORD11786
2025-08-05,Detergent Powder 2kg,8,310,CUST045,East,ORD11787
2025-08-06,Basmati Rice 5kg,6,520,CUST043,South,ORD11788
2025-08-06,Sunflower Oil 1L,18,185,CUST035,South,ORD11789
2025-08-06,Tea Powder 500g,21,240,CUST011,South,ORD11790
2025-08-06,Wheat Flour 10kg,13,430,CUST025,East,ORD11791
2025-08-06,Toor Dal 1kg,25,160,CUST005,South,ORD11792
2025-08-06,Detergent Powder 2kg,15,310,CUST036,North,ORD11793
2025-08-06,Milk Powder 500g,9,275,CUST014,West,ORD11794
2025-08-07,Basmati Rice 5kg,13,520,CUST044,West,ORD11795
2025-08-07,Sunflower Oil 1L,12,185,CUST047,South,ORD11796
2025-08-07,Tea Powder 500g,25,240,CUST037,West,ORD11797
2025-08-07,Toor Dal 1kg,22,160,CUST013,North,ORD11798
2025-08-07,Detergent Powder 2kg,15,310,CUST045,South,ORD11799
2025-08-07,Spice Mix Pack,22,95,CUST042,North,ORD11800
2025-08-08,Basmati Rice 5kg,11,520,CUST034,West,ORD11801
2025-08-08,Sunflower Oil 1L,29,185,CUST019,West,ORD11802
2025-08-08,Tea Powder 500g,19,240,CUST044,West,ORD11803
2025-08-08,Wheat Flour 10kg,11,430,CUST029,East,ORD11804
2025-08-08,Detergent Powder 2kg,5,310,CUST032,East,ORD11805
2025-08-09,Basmati Rice 5kg,11,520,CUST042,North,ORD11806
2025-08-09,Sunflower Oil 1L,42,185,CUST009,West,ORD11807
2025-08-09,Wheat Flour 10kg,13,430,CUST013,South,ORD11808
2025-08-09,Detergent Powder 2kg,20,310,CUST053,West,ORD11809
2025-08-09,Spice Mix Pack,47,95,CUST052,South,ORD11810
2025-08-10,Sunflower Oil 1L,36,185,CUST001,East,ORD11811
2025-08-10,Tea Powder 500g,22,240,CUST013,North,ORD11812
2025-08-10,Wheat Flour 10kg,11,430,CUST028,West,ORD11813
2025-08-10,Detergent Powder 2kg,12,310,CUST002,South,ORD11814
2025-08-11,Sunflower Oil 1L,24,185,CUST027,East,ORD11815
2025-08-11,Wheat Flour 10kg,10,430,CUST058,North,ORD11816
2025-08-11,Toor Dal 1kg,26,160,CUST041,East,ORD11817
2025-08-11,Milk Powder 500g,7,275,CUST016,North,ORD11818
2025-08-12,Basmati Rice 5kg,12,520,CUST058,West,ORD11819
2025-08-12,Sunflower Oil 1L,26,185,CUST049,North,ORD11820
2025-08-12,Wheat Flour 10kg,12,430,CUST030,North,ORD11821
2025-08-12,Toor Dal 1kg,22,160,CUST040,East,ORD11822
2025-08-12,Detergent Powder 2kg,13,310,CUST011,North,ORD11823
2025-08-12,Milk Powder 500g,12,275,CUST059,North,ORD11824
2025-08-12,Spice Mix Pack,30,95,CUST014,West,ORD11825
2025-08-13,Basmati Rice 5kg,15,520,CUST003,East,ORD11826
2025-08-13,Sunflower Oil 1L,29,185,CUST030,North,ORD11827
2025-08-13,Tea Powder 500g,15,240,CUST014,South,ORD11828
2025-08-13,Wheat Flour 10kg,8,430,CUST056,North,ORD11829
2025-08-13,Milk Powder 500g,13,275,CUST056,West,ORD11830
2025-08-13,Spice Mix Pack,29,95,CUST004,West,ORD11831
2025-08-14,Basmati Rice 5kg,11,520,CUST031,West,ORD11832
2025-08-14,Sunflower Oil 1L,28,185,CUST039,South,ORD11833
2025-08-14,Toor Dal 1kg,26,160,CUST033,North,ORD11834
2025-08-14,Milk Powder 500g,15,275,CUST046,East,ORD11835
2025-08-15,Basmati Rice 5kg,12,520,CUST003,East,ORD11836
2025-08-15,Sunflower Oil 1L,33,185,CUST058,West,ORD11837
2025-08-15,Toor Dal 1kg,25,160,CUST042,South,ORD11838
2025-08-15,Detergent Powder 2kg,11,310,CUST053,South,ORD11839
2025-08-16,Basmati Rice 5kg,14,520,CUST046,North,ORD11840
2025-08-16,Tea Powder 500g,19,240,CUST018,South,ORD11841
2025-08-16,Wheat Flour 10kg,7,430,CUST020,East,ORD11842
2025-08-16,Spice Mix Pack,44,95,CUST057,East,ORD11843
2025-08-17,Basmati Rice 5kg,16,520,CUST041,East,ORD11844
2025-08-17,Sunflower Oil 1L,29,185,CUST016,North,ORD11845
2025-08-17,Tea Powder 500g,18,240,CUST044,East,ORD11846
2025-08-17,Wheat Flour 10kg,11,430,CUST028,West,ORD11847
2025-08-17,Milk Powder 500g,14,275,CUST034,North,ORD11848
2025-08-17,Spice Mix Pack,48,95,CUST037,South,ORD11849
2025-08-18,Sunflower Oil 1L,40,185,CUST038,West,ORD11850
2025-08-18,Tea Powder 500g,16,240,CUST035,East,ORD11851
2025-08-18,Wheat Flour 10kg,9,430,CUST020,East,ORD11852
2025-08-18,Toor Dal 1kg,25,160,CUST036,West,ORD11853
2025-08-18,Detergent Powder 2kg,11,310,CUST052,South,ORD11854
2025-08-18,Milk Powder 500g,12,275,CUST016,West,ORD11855
2025-08-19,Basmati Rice 5kg,13,520,CUST029,East,ORD11856
2025-08-19,Tea Powder 500g,25,240,CUST054,East,ORD11857
2025-08-19,Toor Dal 1kg,27,160,CUST001,West,ORD11858
2025-08-19,Detergent Powder 2kg,17,310,CUST034,North,ORD11859
2025-08-19,Milk Powder 500g,12,275,CUST023,West,ORD11860
2025-08-20,Basmati Rice 5kg,10,520,CUST026,North,ORD11861
2025-08-20,Tea Powder 500g,11,240,CUST010,South,ORD11862
2025-08-20,Detergent Powder 2kg,10,310,CUST053,North,ORD11863
2025-08-21,Sunflower Oil 1L,32,185,CUST053,West,ORD11864
2025-08-21,Wheat Flour 10kg,13,430,CUST053,South,ORD11865
2025-08-21,Milk Powder 500g,8,275,CUST022,West,ORD11866
2025-08-21,Spice Mix Pack,31,95,CUST054,West,ORD11867
2025-08-22,Sunflower Oil 1L,28,185,CUST053,South,ORD11868
2025-08-22,Tea Powder 500g,13,240,CUST039,East,ORD11869
2025-08-22,Detergent Powder 2kg,16,310,CUST048,North,ORD11870
2025-08-22,Spice Mix Pack,48,95,CUST021,South,ORD11871
2025-08-23,Sunflower Oil 1L,34,185,CUST034,East,ORD11872
2025-08-23,Toor Dal 1kg,34,160,CUST056,East,ORD11873
2025-08-23,Detergent Powder 2kg,19,310,CUST041,East,ORD11874
2025-08-23,Milk Powder 500g,14,275,CUST034,West,ORD11875
2025-08-23,Spice Mix Pack,53,95,CUST057,South,ORD11876
2025-08-24,Sunflower Oil 1L,40,185,CUST003,West,ORD11877
2025-08-24,Tea Powder 500g,20,240,CUST023,South,ORD11878
2025-08-24,Wheat Flour 10kg,11,430,CUST007,South,ORD11879
2025-08-24,Detergent Powder 2kg,21,310,CUST041,West,ORD11880
2025-08-24,Spice Mix Pack,48,95,CUST011,East,ORD11881
2025-08-25,Basmati Rice 5kg,11,520,CUST034,North,ORD11882
2025-08-25,Sunflower Oil 1L,31,185,CUST041,North,ORD11883
2025-08-25,Tea Powder 500g,15,240,CUST010,East,ORD11884
2025-08-25,Wheat Flour 10kg,12,430,CUST028,South,ORD11885
2025-08-25,Detergent Powder 2kg,16,310,CUST040,West,ORD11886
2025-08-25,Milk Powder 500g,13,275,CUST033,West,ORD11887
2025-08-26,Basmati Rice 5kg,10,520,CUST049,South,ORD11888
2025-08-26,Sunflower Oil 1L,20,185,CUST013,East,ORD11889
2025-08-26,Tea Powder 500g,14,240,CUST023,South,ORD11890
2025-08-26,Toor Dal 1kg,26,160,CUST056,West,ORD11891
2025-08-26,Detergent Powder 2kg,8,310,CUST028,East,ORD11892
2025-08-26,Spice Mix Pack,34,95,CUST028,North,ORD11893
2025-08-27,Sunflower Oil 1L,23,185,CUST029,West,ORD11894
2025-08-27,Tea Powder 500g,13,240,CUST036,North,ORD11895
2025-08-27,Wheat Flour 10kg,8,430,CUST017,South,ORD11896
2025-08-27,Toor Dal 1kg,23,160,CUST044,West,ORD11897
2025-08-27,Detergent Powder 2kg,11,310,CUST015,East,ORD11898
2025-08-27,Spice Mix Pack,24,95,CUST001,East,ORD11899
2025-08-28,Wheat Flour 10kg,8,430,CUST004,East,ORD11900
2025-08-28,Toor Dal 1kg,23,160,CUST014,South,ORD11901
2025-08-28,Milk Powder 500g,11,275,CUST057,West,ORD11902
2025-08-28,Spice Mix Pack,31,95,CUST046,East,ORD11903
2025-08-29,Basmati Rice 5kg,5,520,CUST009,North,ORD11904
2025-08-29,Tea Powder 500g,21,240,CUST052,East,ORD11905
2025-08-29,Wheat Flour 10kg,9,430,CUST044,North,ORD11906
2025-08-29,Milk Powder 500g,13,275,CUST058,West,ORD11907
2025-08-29,Spice Mix Pack,30,95,CUST017,East,ORD11908
2025-08-30,Sunflower Oil 1L,25,185,CUST005,North,ORD11909
2025-08-30,Wheat Flour 10kg,7,430,CUST024,South,ORD11910
2025-08-30,Toor Dal 1kg,37,160,CUST029,North,ORD11911
2025-08-30,Milk Powder 500g,15,275,CUST030,West,ORD11912
2025-08-31,Tea Powder 500g,27,240,CUST045,North,ORD11913
2025-08-31,Wheat Flour 10kg,11,430,CUST019,East,ORD11914
2025-08-31,Toor Dal 1kg,21,160,CUST011,West,ORD11915
2025-08-31,Spice Mix Pack,35,95,CUST024,East,ORD11916
2025-09-01,Basmati Rice 5kg,12,520,CUST021,West,ORD11917
2025-09-01,Sunflower Oil 1L,27,185,CUST006,South,ORD11918
2025-09-01,Tea Powder 500g,19,240,CUST059,North,ORD11919
2025-09-01,Toor Dal 1kg,18,160,CUST008,West,ORD11920
2025-09-01,Detergent Powder 2kg,17,310,CUST040,South,ORD11921
2025-09-01,Milk Powder 500g,7,275,CUST042,East,ORD11922
2025-09-02,Sunflower Oil 1L,30,185,CUST010,South,ORD11923
2025-09-02,Wheat Flour 10kg,8,430,CUST040,South,ORD11924
2025-09-02,Toor Dal 1kg,23,160,CUST054,East,ORD11925
2025-09-02,Detergent Powder 2kg,12,310,CUST058,North,ORD11926
2025-09-02,Milk Powder 500g,6,275,CUST020,North,ORD11927
2025-09-03,Sunflower Oil 1L,22,185,CUST026,North,ORD11928
2025-09-03,Tea Powder 500g,21,240,CUST019,North,ORD11929
2025-09-03,Milk Powder 500g,8,275,CUST002,South,ORD11930
2025-09-03,Spice Mix Pack,46,95,CUST040,East,ORD11931
2025-09-04,Basmati Rice 5kg,14,520,CUST023,South,ORD11932
2025-09-04,Sunflower Oil 1L,25,185,CUST019,East,ORD11933
2025-09-04,Detergent Powder 2kg,18,310,CUST047,East,ORD11934
2025-09-04,Milk Powder 500g,14,275,CUST002,South,ORD11935
2025-09-04,Spice Mix Pack,27,95,CUST005,East,ORD11936
2025-09-05,Basmati Rice 5kg,12,520,CUST049,West,ORD11937
2025-09-05,Tea Powder 500g,21,240,CUST042,West,ORD11938
2025-09-05,Toor Dal 1kg,33,160,CUST042,North,ORD11939
2025-09-05,Detergent Powder 2kg,15,310,CUST013,East,ORD11940
2025-09-05,Milk Powder 500g,14,275,CUST052,West,ORD11941
2025-09-06,Tea Powder 500g,21,240,CUST023,South,ORD11942
2025-09-06,Wheat Flour 10kg,12,430,CUST026,North,ORD11943
2025-09-06,Toor Dal 1kg,18,160,CUST013,East,ORD11944
2025-09-06,Detergent Powder 2kg,23,310,CUST051,West,ORD11945
2025-09-06,Milk Powder 500g,19,275,CUST038,West,ORD11946
2025-09-06,Spice Mix Pack,44,95,CUST001,South,ORD11947
2025-09-07,Wheat Flour 10kg,16,430,CUST044,North,ORD11948
2025-09-07,Milk Powder 500g,14,275,CUST060,East,ORD11949
2025-09-07,Spice Mix Pack,43,95,CUST010,West,ORD11950
2025-09-08,Basmati Rice 5kg,16,520,CUST015,South,ORD11951
2025-09-08,Wheat Flour 10kg,10,430,CUST023,East,ORD11952
2025-09-08,Detergent Powder 2kg,16,310,CUST042,South,ORD11953
2025-09-09,Basmati Rice 5kg,13,520,CUST042,North,ORD11954
2025-09-09,Sunflower Oil 1L,21,185,CUST028,East,ORD11955
2025-09-09,Wheat Flour 10kg,8,430,CUST006,South,ORD11956
2025-09-09,Detergent Powder 2kg,19,310,CUST004,East,ORD11957
2025-09-09,Spice Mix Pack,24,95,CUST026,West,ORD11958
2025-09-10,Wheat Flour 10kg,6,430,CUST021,North,ORD11959
2025-09-10,Toor Dal 1kg,28,160,CUST028,East,ORD11960
2025-09-11,Tea Powder 500g,28,240,CUST027,North,ORD11961
2025-09-11,Detergent Powder 2kg,7,310,CUST009,North,ORD11962
2025-09-12,Tea Powder 500g,22,240,CUST018,West,ORD11963
2025-09-12,Wheat Flour 10kg,10,430,CUST053,North,ORD11964
2025-09-12,Toor Dal 1kg,28,160,CUST019,North,ORD11965
2025-09-12,Detergent Powder 2kg,16,310,CUST043,West,ORD11966
2025-09-12,Milk Powder 500g,15,275,CUST019,South,ORD11967
2025-09-12,Spice Mix Pack,25,95,CUST007,East,ORD11968
2025-09-13,Basmati Rice 5kg,18,520,CUST034,North,ORD11969
2025-09-13,Detergent Powder 2kg,14,310,CUST040,North,ORD11970
2025-09-13,Milk Powder 500g,14,275,CUST027,North,ORD11971
2025-09-13,Spice Mix Pack,35,95,CUST024,North,ORD11972
2025-09-14,Basmati Rice 5kg,24,520,CUST055,South,ORD11973
2025-09-14,Sunflower Oil 1L,36,185,CUST022,East,ORD11974
2025-09-14,Toor Dal 1kg,27,160,CUST042,South,ORD11975
2025-09-15,Basmati Rice 5kg,7,520,CUST017,South,ORD11976
2025-09-15,Wheat Flour 10kg,10,430,CUST048,East,ORD11977
2025-09-15,Detergent Powder 2kg,10,310,CUST056,North,ORD11978
2025-09-15,Milk Powder 500g,10,275,CUST051,North,ORD11979
2025-09-15,Spice Mix Pack,24,95,CUST007,South,ORD11980
2025-09-16,Sunflower Oil 1L,23,185,CUST056,West,ORD11981
2025-09-16,Tea Powder 500g,19,240,CUST009,South,ORD11982
2025-09-16,Wheat Flour 10kg,9,430,CUST031,East,ORD11983
2025-09-16,Toor Dal 1kg,23,160,CUST052,West,ORD11984
2025-09-16,Detergent Powder 2kg,18,310,CUST045,North,ORD11985
2025-09-16,Milk Powder 500g,9,275,CUST010,West,ORD11986
2025-09-16,Spice Mix Pack,26,95,CUST055,South,ORD11987
2025-09-17,Basmati Rice 5kg,9,520,CUST031,West,ORD11988
2025-09-17,Sunflower Oil 1L,23,185,CUST038,South,ORD11989
2025-09-17,Toor Dal 1kg,30,160,CUST060,South,ORD11990
2025-09-17,Spice Mix Pack,13,95,CUST002,North,ORD11991
2025-09-18,Basmati Rice 5kg,12,520,CUST002,East,ORD11992
2025-09-18,Tea Powder 500g,19,240,CUST053,East,ORD11993
2025-09-18,Wheat Flour 10kg,10,430,CUST051,North,ORD11994
2025-09-18,Milk Powder 500g,14,275,CUST040,West,ORD11995
2025-09-18,Spice Mix Pack,42,95,CUST055,North,ORD11996
2025-09-19,Sunflower Oil 1L,31,185,CUST058,North,ORD11997
2025-09-19,Tea Powder 500g,20,240,CUST053,North,ORD11998
2025-09-19,Detergent Powder 2kg,11,310,CUST036,South,ORD11999
2025-09-19,Spice Mix Pack,21,95,CUST046,West,ORD12000
2025-09-20,Tea Powder 500g,24,240,CUST056,East,ORD12001
2025-09-20,Wheat Flour 10kg,14,430,CUST048,East,ORD12002
2025-09-20,Toor Dal 1kg,30,160,CUST019,South,ORD12003
2025-09-20,Milk Powder 500g,22,275,CUST011,North,ORD12004
2025-09-20,Spice Mix Pack,19,95,CUST011,South,ORD12005
2025-09-21,Basmati Rice 5kg,15,520,CUST050,West,ORD12006
2025-09-21,Wheat Flour 10kg,14,430,CUST058,East,ORD12007
2025-09-21,Toor Dal 1kg,40,160,CUST025,South,ORD12008
2025-09-21,Milk Powder 500g,12,275,CUST004,South,ORD12009
2025-09-21,Spice Mix Pack,44,95,CUST029,West,ORD12010
2025-09-22,Basmati Rice 5kg,13,520,CUST025,East,ORD12011
2025-09-22,Sunflower Oil 1L,33,185,CUST060,South,ORD12012
2025-09-22,Wheat Flour 10kg,11,430,CUST021,North,ORD12013
2025-09-22,Milk Powder 500g,13,275,CUST054,East,ORD12014
2025-09-23,Tea Powder 500g,19,240,CUST056,South,ORD12015
2025-09-23,Toor Dal 1kg,28,160,CUST048,East,ORD12016
2025-09-23,Detergent Powder 2kg,10,310,CUST019,North,ORD12017
2025-09-23,Milk Powder 500g,13,275,CUST040,East,ORD12018
2025-09-24,Basmati Rice 5kg,13,520,CUST018,North,ORD12019
2025-09-24,Sunflower Oil 1L,32,185,CUST012,West,ORD12020
2025-09-24,Tea Powder 500g,19,240,CUST055,North,ORD12021
2025-09-24,Wheat Flour 10kg,11,430,CUST030,North,ORD12022
2025-09-24,Toor Dal 1kg,25,160,CUST005,North,ORD12023
2025-09-24,Detergent Powder 2kg,13,310,CUST018,East,ORD12024
2025-09-24,Milk Powder 500g,15,275,CUST003,West,ORD12025
2025-09-25,Basmati Rice 5kg,12,520,CUST019,East,ORD12026
2025-09-25,Tea Powder 500g,25,240,CUST060,West,ORD12027
2025-09-25,Wheat Flour 10kg,15,430,CUST031,North,ORD12028
2025-09-25,Toor Dal 1kg,23,160,CUST008,North,ORD12029
2025-09-25,Detergent Powder 2kg,14,310,CUST050,South,ORD12030
2025-09-25,Spice Mix Pack,36,95,CUST060,South,ORD12031
2025-09-26,Basmati Rice 5kg,15,520,CUST053,West,ORD12032
2025-09-26,Sunflower Oil 1L,34,185,CUST048,North,ORD12033
2025-09-26,Tea Powder 500g,26,240,CUST047,South,ORD12034
2025-09-26,Wheat Flour 10kg,10,430,CUST055,West,ORD12035
2025-09-26,Detergent Powder 2kg,20,310,CUST026,North,ORD12036
2025-09-27,Basmati Rice 5kg,22,520,CUST046,North,ORD12037
2025-09-27,Sunflower Oil 1L,25,185,CUST007,West,ORD12038
2025-09-27,Tea Powder 500g,35,240,CUST040,East,ORD12039
2025-09-27,Toor Dal 1kg,19,160,CUST036,South,ORD12040
2025-09-27,Detergent Powder 2kg,21,310,CUST049,East,ORD12041
2025-09-27,Milk Powder 500g,12,275,CUST016,West,ORD12042
2025-09-27,Spice Mix Pack,47,95,CUST017,East,ORD12043
2025-09-28,Basmati Rice 5kg,15,520,CUST041,South,ORD12044
2025-09-28,Tea Powder 500g,19,240,CUST047,West,ORD12045
2025-09-28,Wheat Flour 10kg,16,430,CUST059,West,ORD12046
2025-09-28,Toor Dal 1kg,31,160,CUST041,West,ORD12047
2025-09-28,Milk Powder 500g,12,275,CUST005,East,ORD12048
2025-09-28,Spice Mix Pack,49,95,CUST021,East,ORD12049
2025-09-29,Sunflower Oil 1L,15,185,CUST048,North,ORD12050
2025-09-29,Toor Dal 1kg,26,160,CUST028,East,ORD12051
2025-09-29,Detergent Powder 2kg,13,310,CUST054,South,ORD12052
2025-09-29,Milk Powder 500g,15,275,CUST006,North,ORD12053
2025-09-29,Spice Mix Pack,34,95,CUST050,West,ORD12054
2025-09-30,Sunflower Oil 1L,30,185,CUST005,West,ORD12055
2025-09-30,Wheat Flour 10kg,9,430,CUST060,West,ORD12056
2025-09-30,Milk Powder 500g,12,275,CUST044,North,ORD12057
2025-10-01,Sunflower Oil 1L,33,185,CUST042,North,ORD12058
2025-10-01,Tea Powder 500g,23,240,CUST013,South,ORD12059
2025-10-01,Wheat Flour 10kg,18,430,CUST034,West,ORD12060
2025-10-01,Detergent Powder 2kg,17,310,CUST015,North,ORD12061
2025-10-01,Milk Powder 500g,12,275,CUST044,East,ORD12062
2025-10-01,Spice Mix Pack,27,95,CUST024,South,ORD12063
2025-10-02,Basmati Rice 5kg,12,520,CUST014,West,ORD12064
2025-10-02,Sunflower Oil 1L,39,185,CUST041,West,ORD12065
2025-10-02,Tea Powder 500g,27,240,CUST022,East,ORD12066
2025-10-02,Wheat Flour 10kg,17,430,CUST052,South,ORD12067
2025-10-02,Toor Dal 1kg,35,160,CUST002,East,ORD12068
2025-10-02,Detergent Powder 2kg,20,310,CUST011,South,ORD12069
2025-10-02,Spice Mix Pack,44,95,CUST048,West,ORD12070
2025-10-03,Basmati Rice 5kg,17,520,CUST041,North,ORD12071
2025-10-03,Sunflower Oil 1L,41,185,CUST013,West,ORD12072
2025-10-03,Wheat Flour 10kg,15,430,CUST027,North,ORD12073
2025-10-03,Detergent Powder 2kg,12,310,CUST003,South,ORD12074
2025-10-03,Milk Powder 500g,12,275,CUST040,North,ORD12075
2025-10-03,Spice Mix Pack,44,95,CUST053,West,ORD12076
2025-10-04,Basmati Rice 5kg,17,520,CUST013,West,ORD12077
2025-10-04,Sunflower Oil 1L,34,185,CUST023,North,ORD12078
2025-10-04,Wheat Flour 10kg,15,430,CUST017,South,ORD12079
2025-10-04,Toor Dal 1kg,54,160,CUST035,South,ORD12080
2025-10-04,Detergent Powder 2kg,23,310,CUST041,East,ORD12081
2025-10-04,Milk Powder 500g,20,275,CUST003,West,ORD12082
2025-10-04,Spice Mix Pack,74,95,CUST028,North,ORD12083
2025-10-05,Basmati Rice 5kg,15,520,CUST002,East,ORD12084
2025-10-05,Tea Powder 500g,33,240,CUST045,West,ORD12085
2025-10-05,Toor Dal 1kg,36,160,CUST045,West,ORD12086
2025-10-05,Detergent Powder 2kg,20,310,CUST053,North,ORD12087
2025-10-05,Milk Powder 500g,21,275,CUST012,West,ORD12088
2025-10-06,Basmati Rice 5kg,15,520,CUST013,East,ORD12089
2025-10-06,Tea Powder 500g,24,240,CUST003,East,ORD12090
2025-10-06,Milk Powder 500g,13,275,CUST046,South,ORD12091
2025-10-07,Sunflower Oil 1L,29,185,CUST030,West,ORD12092
2025-10-07,Tea Powder 500g,29,240,CUST053,North,ORD12093
2025-10-07,Detergent Powder 2kg,17,310,CUST023,North,ORD12094
2025-10-07,Milk Powder 500g,18,275,CUST054,East,ORD12095
2025-10-07,Spice Mix Pack,34,95,CUST056,West,ORD12096
2025-10-08,Sunflower Oil 1L,35,185,CUST009,North,ORD12097
2025-10-08,Wheat Flour 10kg,6,430,CUST041,West,ORD12098
2025-10-08,Toor Dal 1kg,26,160,CUST007,East,ORD12099
2025-10-08,Milk Powder 500g,16,275,CUST037,North,ORD12100
2025-10-09,Sunflower Oil 1L,52,185,CUST053,North,ORD12101
2025-10-09,Tea Powder 500g,24,240,CUST025,South,ORD12102
2025-10-09,Wheat Flour 10kg,15,430,CUST002,East,ORD12103
2025-10-09,Toor Dal 1kg,27,160,CUST016,South,ORD12104
2025-10-09,Detergent Powder 2kg,24,310,CUST047,East,ORD12105
2025-10-09,Milk Powder 500g,15,275,CUST021,West,ORD12106
2025-10-09,Spice Mix Pack,66,95,CUST043,South,ORD12107
2025-10-10,Sunflower Oil 1L,38,185,CUST045,East,ORD12108
2025-10-10,Tea Powder 500g,42,240,CUST051,South,ORD12109
2025-10-10,Toor Dal 1kg,25,160,CUST011,West,ORD12110
2025-10-10,Detergent Powder 2kg,16,310,CUST037,North,ORD12111
2025-10-10,Milk Powder 500g,19,275,CUST046,North,ORD12112
2025-10-11,Toor Dal 1kg,44,160,CUST040,West,ORD12113
2025-10-11,Detergent Powder 2kg,21,310,CUST057,South,ORD12114
2025-10-11,Spice Mix Pack,52,95,CUST024,East,ORD12115
2025-10-12,Sunflower Oil 1L,51,185,CUST038,East,ORD12116
2025-10-12,Wheat Flour 10kg,14,430,CUST038,West,ORD12117
2025-10-12,Toor Dal 1kg,37,160,CUST031,South,ORD12118
2025-10-12,Milk Powder 500g,15,275,CUST024,East,ORD12119
2025-10-12,Spice Mix Pack,46,95,CUST059,West,ORD12120
2025-10-13,Basmati Rice 5kg,10,520,CUST027,North,ORD12121
2025-10-13,Sunflower Oil 1L,38,185,CUST036,West,ORD12122
2025-10-13,Wheat Flour 10kg,8,430,CUST008,East,ORD12123
2025-10-13,Milk Powder 500g,19,275,CUST050,South,ORD12124
2025-10-14,Sunflower Oil 1L,45,185,CUST049,West,ORD12125
2025-10-14,Tea Powder 500g,17,240,CUST036,East,ORD12126
2025-10-14,Wheat Flour 10kg,9,430,CUST008,West,ORD12127
2025-10-14,Milk Powder 500g,20,275,CUST047,East,ORD12128
2025-10-15,Tea Powder 500g,30,240,CUST019,South,ORD12129
2025-10-15,Toor Dal 1kg,43,160,CUST013,North,ORD12130
2025-10-15,Milk Powder 500g,16,275,CUST025,East,ORD12131
2025-10-15,Spice Mix Pack,29,95,CUST045,West,ORD12132
2025-10-16,Basmati Rice 5kg,17,520,CUST043,North,ORD12133
2025-10-16,Milk Powder 500g,15,275,CUST041,North,ORD12134
2025-10-16,Spice Mix Pack,37,95,CUST010,North,ORD12135
2025-10-17,Sunflower Oil 1L,34,185,CUST045,West,ORD12136
2025-10-17,Tea Powder 500g,30,240,CUST022,North,ORD12137
2025-10-17,Wheat Flour 10kg,16,430,CUST015,South,ORD12138
2025-10-17,Toor Dal 1kg,36,160,CUST060,East,ORD12139
2025-10-17,Detergent Powder 2kg,15,310,CUST046,West,ORD12140
2025-10-18,Basmati Rice 5kg,21,520,CUST051,South,ORD12141
2025-10-18,Sunflower Oil 1L,45,185,CUST031,East,ORD12142
2025-10-18,Tea Powder 500g,35,240,CUST024,West,ORD12143
2025-10-18,Wheat Flour 10kg,20,430,CUST055,South,ORD12144
2025-10-18,Toor Dal 1kg,40,160,CUST050,South,ORD12145
2025-10-18,Detergent Powder 2kg,28,310,CUST038,East,ORD12146
2025-10-18,Milk Powder 500g,13,275,CUST045,North,ORD12147
2025-10-18,Spice Mix Pack,27,95,CUST044,North,ORD12148
2025-10-19,Basmati Rice 5kg,19,520,CUST007,South,ORD12149
2025-10-19,Tea Powder 500g,33,240,CUST018,South,ORD12150
2025-10-19,Wheat Flour 10kg,14,430,CUST044,East,ORD12151
2025-10-19,Toor Dal 1kg,26,160,CUST045,West,ORD12152
2025-10-19,Milk Powder 500g,18,275,CUST016,West,ORD12153
2025-10-20,Basmati Rice 5kg,17,520,CUST030,West,ORD12154
2025-10-20,Sunflower Oil 1L,30,185,CUST049,South,ORD12155
2025-10-20,Tea Powder 500g,22,240,CUST029,West,ORD12156
2025-10-20,Wheat Flour 10kg,16,430,CUST049,North,ORD12157
2025-10-20,Toor Dal 1kg,32,160,CUST009,North,ORD12158
2025-10-20,Detergent Powder 2kg,18,310,CUST023,East,ORD12159
2025-10-20,Spice Mix Pack,33,95,CUST019,East,ORD12160
2025-10-21,Wheat Flour 10kg,12,430,CUST032,West,ORD12161
2025-10-21,Detergent Powder 2kg,20,310,CUST007,East,ORD12162
2025-10-22,Basmati Rice 5kg,16,520,CUST022,North,ORD12163
2025-10-22,Sunflower Oil 1L,31,185,CUST050,South,ORD12164
2025-10-22,Tea Powder 500g,23,240,CUST028,South,ORD12165
2025-10-22,Toor Dal 1kg,32,160,CUST025,North,ORD12166
2025-10-22,Milk Powder 500g,10,275,CUST009,North,ORD12167
2025-10-22,Spice Mix Pack,46,95,CUST034,West,ORD12168
2025-10-23,Tea Powder 500g,28,240,CUST014,South,ORD12169
2025-10-23,Wheat Flour 10kg,5,430,CUST009,East,ORD12170
2025-10-23,Toor Dal 1kg,35,160,CUST045,South,ORD12171
2025-10-23,Detergent Powder 2kg,16,310,CUST021,South,ORD12172
2025-10-23,Milk Powder 500g,18,275,CUST006,South,ORD12173
2025-10-24,Basmati Rice 5kg,19,520,CUST043,South,ORD12174
2025-10-24,Sunflower Oil 1L,51,185,CUST001,North,ORD12175
2025-10-24,Tea Powder 500g,31,240,CUST032,East,ORD12176
2025-10-24,Wheat Flour 10kg,21,430,CUST034,South,ORD12177
2025-10-24,Spice Mix Pack,39,95,CUST004,South,ORD12178
2025-10-25,Tea Powder 500g,32,240,CUST006,East,ORD12179
2025-10-25,Wheat Flour 10kg,19,430,CUST014,South,ORD12180
2025-10-25,Toor Dal 1kg,35,160,CUST054,North,ORD12181
2025-10-25,Spice Mix Pack,60,95,CUST004,South,ORD12182
2025-10-26,Sunflower Oil 1L,50,185,CUST039,South,ORD12183
2025-10-26,Wheat Flour 10kg,11,430,CUST032,South,ORD12184
2025-10-26,Toor Dal 1kg,26,160,CUST005,South,ORD12185
2025-10-26,Milk Powder 500g,19,275,CUST028,North,ORD12186
2025-10-26,Spice Mix Pack,47,95,CUST052,West,ORD12187
2025-10-27,Basmati Rice 5kg,12,520,CUST040,East,ORD12188
2025-10-27,Sunflower Oil 1L,32,185,CUST045,South,ORD12189
2025-10-27,Tea Powder 500g,25,240,CUST005,East,ORD12190
2025-10-27,Detergent Powder 2kg,19,310,CUST012,East,ORD12191
2025-10-27,Milk Powder 500g,15,275,CUST007,West,ORD12192
2025-10-27,Spice Mix Pack,34,95,CUST008,East,ORD12193
2025-10-28,Tea Powder 500g,28,240,CUST014,South,ORD12194
2025-10-28,Wheat Flour 10kg,14,430,CUST015,South,ORD12195
2025-10-28,Toor Dal 1kg,45,160,CUST011,East,ORD12196
2025-10-28,Milk Powder 500g,17,275,CUST031,West,ORD12197
2025-10-28,Spice Mix Pack,39,95,CUST049,South,ORD12198
2025-10-29,Basmati Rice 5kg,26,520,CUST026,East,ORD12199
2025-10-29,Toor Dal 1kg,34,160,CUST031,West,ORD12200
2025-10-29,Spice Mix Pack,35,95,CUST028,South,ORD12201
2025-10-30,Basmati Rice 5kg,14,520,CUST026,South,ORD12202
2025-10-30,Tea Powder 500g,22,240,CUST047,West,ORD12203
2025-10-30,Wheat Flour 10kg,16,430,CUST054,West,ORD12204
2025-10-30,Detergent Powder 2kg,14,310,CUST024,North,ORD12205
2025-10-30,Milk Powder 500g,15,275,CUST023,North,ORD12206
2025-10-30,Spice Mix Pack,43,95,CUST013,North,ORD12207
2025-10-31,Basmati Rice 5kg,11,520,CUST043,North,ORD12208
2025-10-31,Sunflower Oil 1L,32,185,CUST057,West,ORD12209
2025-10-31,Wheat Flour 10kg,9,430,CUST020,East,ORD12210
2025-10-31,Toor Dal 1kg,33,160,CUST018,West,ORD12211
2025-10-31,Milk Powder 500g,18,275,CUST060,West,ORD12212
2025-10-31,Spice Mix Pack,29,95,CUST006,West,ORD12213
2025-11-01,Wheat Flour 10kg,20,430,CUST026,East,ORD12214
2025-11-01,Detergent Powder 2kg,19,310,CUST054,East,ORD12215
2025-11-01,Milk Powder 500g,29,275,CUST052,North,ORD12216
2025-11-01,Spice Mix Pack,57,95,CUST043,East,ORD12217
2025-11-02,Sunflower Oil 1L,42,185,CUST008,East,ORD12218
2025-11-02,Toor Dal 1kg,44,160,CUST019,East,ORD12219
2025-11-02,Spice Mix Pack,47,95,CUST040,West,ORD12220
2025-11-03,Sunflower Oil 1L,43,185,CUST037,North,ORD12221
2025-11-03,Wheat Flour 10kg,16,430,CUST043,East,ORD12222
2025-11-03,Toor Dal 1kg,37,160,CUST018,East,ORD12223
2025-11-03,Spice Mix Pack,45,95,CUST015,South,ORD12224
2025-11-04,Wheat Flour 10kg,14,430,CUST005,East,ORD12225
2025-11-05,Basmati Rice 5kg,13,520,CUST011,East,ORD12226
2025-11-05,Detergent Powder 2kg,18,310,CUST001,East,ORD12227
2025-11-05,Milk Powder 500g,14,275,CUST011,South,ORD12228
2025-11-05,Spice Mix Pack,40,95,CUST045,East,ORD12229
2025-11-06,Basmati Rice 5kg,13,520,CUST001,South,ORD12230
2025-11-06,Sunflower Oil 1L,32,185,CUST046,East,ORD12231
2025-11-06,Toor Dal 1kg,27,160,CUST017,West,ORD12232
2025-11-07,Basmati Rice 5kg,15,520,CUST018,West,ORD12233
2025-11-07,Toor Dal 1kg,26,160,CUST053,East,ORD12234
2025-11-07,Detergent Powder 2kg,23,310,CUST012,West,ORD12235
2025-11-07,Milk Powder 500g,13,275,CUST011,North,ORD12236
2025-11-08,Basmati Rice 5kg,15,520,CUST046,West,ORD12237
2025-11-08,Sunflower Oil 1L,37,185,CUST039,West,ORD12238
2025-11-08,Tea Powder 500g,35,240,CUST059,East,ORD12239
2025-11-08,Wheat Flour 10kg,21,430,CUST035,North,ORD12240
2025-11-08,Toor Dal 1kg,31,160,CUST015,East,ORD12241
2025-11-08,Detergent Powder 2kg,24,310,CUST060,West,ORD12242
2025-11-08,Milk Powder 500g,18,275,CUST033,North,ORD12243
2025-11-08,Spice Mix Pack,58,95,CUST029,North,ORD12244
2025-11-09,Tea Powder 500g,28,240,CUST007,West,ORD12245
2025-11-09,Wheat Flour 10kg,15,430,CUST018,South,ORD12246
2025-11-09,Toor Dal 1kg,43,160,CUST004,North,ORD12247
2025-11-10,Wheat Flour 10kg,15,430,CUST044,West,ORD12248
2025-11-10,Toor Dal 1kg,20,160,CUST022,North,ORD12249
2025-11-10,Detergent Powder 2kg,17,310,CUST016,South,ORD12250
2025-11-10,Spice Mix Pack,37,95,CUST052,West,ORD12251
2025-11-11,Basmati Rice 5kg,17,520,CUST029,South,ORD12252
2025-11-11,Tea Powder 500g,16,240,CUST046,North,ORD12253
2025-11-11,Wheat Flour 10kg,11,430,CUST052,North,ORD12254
2025-11-11,Toor Dal 1kg,28,160,CUST035,West,ORD12255
2025-11-11,Milk Powder 500g,14,275,CUST033,North,ORD12256
2025-11-12,Sunflower Oil 1L,28,185,CUST039,North,ORD12257
2025-11-12,Toor Dal 1kg,31,160,CUST013,East,ORD12258
2025-11-12,Detergent Powder 2kg,18,310,CUST013,South,ORD12259
2025-11-13,Basmati Rice 5kg,16,520,CUST044,North,ORD12260
2025-11-13,Wheat Flour 10kg,15,430,CUST003,West,ORD12261
2025-11-13,Toor Dal 1kg,34,160,CUST030,South,ORD12262
2025-11-13,Milk Powder 500g,12,275,CUST041,North,ORD12263
2025-11-14,Sunflower Oil 1L,44,185,CUST048,South,ORD12264
2025-11-14,Wheat Flour 10kg,9,430,CUST047,West,ORD12265
2025-11-14,Toor Dal 1kg,40,160,CUST033,South,ORD12266
2025-11-14,Detergent Powder 2kg,13,310,CUST060,West,ORD12267
2025-11-14,Milk Powder 500g,19,275,CUST053,North,ORD12268
2025-11-15,Basmati Rice 5kg,27,520,CUST033,North,ORD12269
2025-11-15,Sunflower Oil 1L,43,185,CUST016,South,ORD12270
2025-11-15,Tea Powder 500g,50,240,CUST013,North,ORD12271
2025-11-15,Detergent Powder 2kg,32,310,CUST023,North,ORD12272
2025-11-15,Milk Powder 500g,21,275,CUST041,South,ORD12273
2025-11-16,Tea Powder 500g,25,240,CUST018,West,ORD12274
2025-11-16,Wheat Flour 10kg,14,430,CUST003,South,ORD12275
2025-11-16,Toor Dal 1kg,27,160,CUST013,East,ORD12276
2025-11-16,Detergent Powder 2kg,21,310,CUST025,North,ORD12277
2025-11-16,Milk Powder 500g,17,275,CUST038,West,ORD12278
2025-11-17,Basmati Rice 5kg,17,520,CUST059,South,ORD12279
2025-11-17,Sunflower Oil 1L,44,185,CUST034,North,ORD12280
2025-11-17,Tea Powder 500g,25,240,CUST004,West,ORD12281
2025-11-17,Wheat Flour 10kg,15,430,CUST053,East,ORD12282
2025-11-17,Toor Dal 1kg,26,160,CUST058,South,ORD12283
2025-11-17,Detergent Powder 2kg,15,310,CUST058,West,ORD12284
2025-11-17,Milk Powder 500g,12,275,CUST021,West,ORD12285
2025-11-17,Spice Mix Pack,25,95,CUST050,North,ORD12286
2025-11-18,Tea Powder 500g,30,240,CUST015,South,ORD12287
2025-11-18,Wheat Flour 10kg,14,430,CUST035,West,ORD12288
2025-11-18,Toor Dal 1kg,24,160,CUST038,East,ORD12289
2025-11-19,Sunflower Oil 1L,41,185,CUST004,South,ORD12290
2025-11-19,Wheat Flour 10kg,10,430,CUST017,North,ORD12291
2025-11-19,Toor Dal 1kg,38,160,CUST008,West,ORD12292
2025-11-19,Detergent Powder 2kg,13,310,CUST059,West,ORD12293
2025-11-19,Milk Powder 500g,22,275,CUST033,East,ORD12294
2025-11-19,Spice Mix Pack,46,95,CUST053,West,ORD12295
2025-11-20,Sunflower Oil 1L,31,185,CUST024,North,ORD12296
2025-11-20,Tea Powder 500g,24,240,CUST023,West,ORD12297
2025-11-20,Milk Powder 500g,14,275,CUST016,West,ORD12298
2025-11-20,Spice Mix Pack,59,95,CUST010,East,ORD12299
2025-11-21,Tea Powder 500g,29,240,CUST007,East,ORD12300
2025-11-21,Wheat Flour 10kg,16,430,CUST032,South,ORD12301
2025-11-21,Toor Dal 1kg,33,160,CUST055,North,ORD12302
2025-11-21,Detergent Powder 2kg,17,310,CUST012,East,ORD12303
2025-11-21,Spice Mix Pack,51,95,CUST011,South,ORD12304
2025-11-22,Sunflower Oil 1L,49,185,CUST039,North,ORD12305
2025-11-22,Wheat Flour 10kg,22,430,CUST008,West,ORD12306
2025-11-22,Toor Dal 1kg,51,160,CUST006,North,ORD12307
2025-11-22,Detergent Powder 2kg,12,310,CUST025,East,ORD12308
2025-11-22,Milk Powder 500g,18,275,CUST058,West,ORD12309
2025-11-23,Toor Dal 1kg,28,160,CUST043,West,ORD12310
2025-11-23,Detergent Powder 2kg,16,310,CUST051,North,ORD12311
2025-11-23,Milk Powder 500g,23,275,CUST004,West,ORD12312
2025-11-24,Basmati Rice 5kg,13,520,CUST008,East,ORD12313
2025-11-24,Toor Dal 1kg,38,160,CUST045,North,ORD12314
2025-11-24,Milk Powder 500g,18,275,CUST015,North,ORD12315
2025-11-25,Basmati Rice 5kg,12,520,CUST015,East,ORD12316
2025-11-25,Sunflower Oil 1L,30,185,CUST025,South,ORD12317
2025-11-25,Tea Powder 500g,21,240,CUST047,East,ORD12318
2025-11-25,Toor Dal 1kg,31,160,CUST038,South,ORD12319
2025-11-25,Detergent Powder 2kg,19,310,CUST035,East,ORD12320
2025-11-25,Spice Mix Pack,52,95,CUST060,South,ORD12321
2025-11-26,Basmati Rice 5kg,13,520,CUST049,North,ORD12322
2025-11-26,Sunflower Oil 1L,29,185,CUST058,North,ORD12323
2025-11-26,Tea Powder 500g,29,240,CUST039,West,ORD12324
2025-11-26,Wheat Flour 10kg,13,430,CUST052,South,ORD12325
2025-11-26,Detergent Powder 2kg,18,310,CUST024,East,ORD12326
2025-11-26,Milk Powder 500g,13,275,CUST032,North,ORD12327
2025-11-26,Spice Mix Pack,36,95,CUST051,South,ORD12328
2025-11-27,Basmati Rice 5kg,13,520,CUST033,South,ORD12329
2025-11-27,Tea Powder 500g,28,240,CUST046,North,ORD12330
2025-11-27,Detergent Powder 2kg,17,310,CUST015,West,ORD12331
2025-11-27,Milk Powder 500g,18,275,CUST001,North,ORD12332
2025-11-27,Spice Mix Pack,25,95,CUST018,East,ORD12333
2025-11-28,Sunflower Oil 1L,42,185,CUST005,West,ORD12334
2025-11-28,Tea Powder 500g,20,240,CUST049,South,ORD12335
2025-11-28,Wheat Flour 10kg,9,430,CUST016,South,ORD12336
2025-11-28,Toor Dal 1kg,34,160,CUST013,South,ORD12337
2025-11-28,Detergent Powder 2kg,14,310,CUST059,West,ORD12338
2025-11-28,Milk Powder 500g,12,275,CUST040,North,ORD12339
2025-11-28,Spice Mix Pack,25,95,CUST006,West,ORD12340
2025-11-29,Sunflower Oil 1L,51,185,CUST040,East,ORD12341
2025-11-29,Tea Powder 500g,36,240,CUST052,North,ORD12342
2025-11-29,Wheat Flour 10kg,18,430,CUST004,North,ORD12343
2025-11-29,Detergent Powder 2kg,19,310,CUST037,West,ORD12344
2025-11-29,Milk Powder 500g,14,275,CUST057,West,ORD12345
2025-11-30,Wheat Flour 10kg,18,430,CUST021,West,ORD12346
2025-11-30,Toor Dal 1kg,35,160,CUST035,East,ORD12347
2025-11-30,Detergent Powder 2kg,21,310,CUST057,South,ORD12348
2025-11-30,Milk Powder 500g,21,275,CUST044,West,ORD12349
2025-12-01,Sunflower Oil 1L,22,185,CUST037,South,ORD12350
2025-12-01,Milk Powder 500g,11,275,CUST050,South,ORD12351
2025-12-01,Spice Mix Pack,25,95,CUST052,West,ORD12352
2025-12-02,Basmati Rice 5kg,4,520,CUST020,West,ORD12353
2025-12-02,Wheat Flour 10kg,8,430,CUST054,North,ORD12354
2025-12-02,Detergent Powder 2kg,12,310,CUST042,South,ORD12355
2025-12-03,Basmati Rice 5kg,14,520,CUST014,North,ORD12356
2025-12-03,Sunflower Oil 1L,33,185,CUST045,South,ORD12357
2025-12-03,Tea Powder 500g,14,240,CUST005,East,ORD12358
2025-12-03,Toor Dal 1kg,25,160,CUST049,East,ORD12359
2025-12-03,Detergent Powder 2kg,14,310,CUST020,North,ORD12360
2025-12-03,Milk Powder 500g,5,275,CUST060,South,ORD12361
2025-12-03,Spice Mix Pack,30,95,CUST055,North,ORD12362
2025-12-04,Basmati Rice 5kg,14,520,CUST031,East,ORD12363
2025-12-04,Tea Powder 500g,21,240,CUST044,West,ORD12364
2025-12-04,Spice Mix Pack,41,95,CUST041,North,ORD12365
2025-12-05,Basmati Rice 5kg,12,520,CUST021,West,ORD12366
2025-12-05,Tea Powder 500g,17,240,CUST054,East,ORD12367
2025-12-05,Wheat Flour 10kg,15,430,CUST025,West,ORD12368
2025-12-05,Milk Powder 500g,14,275,CUST029,East,ORD12369
2025-12-05,Spice Mix Pack,43,95,CUST057,South,ORD12370
2025-12-06,Sunflower Oil 1L,46,185,CUST004,East,ORD12371
2025-12-06,Toor Dal 1kg,38,160,CUST014,East,ORD12372
2025-12-06,Detergent Powder 2kg,24,310,CUST010,South,ORD12373
2025-12-06,Milk Powder 500g,19,275,CUST006,South,ORD12374
2025-12-06,Spice Mix Pack,49,95,CUST040,South,ORD12375
2025-12-07,Sunflower Oil 1L,28,185,CUST013,North,ORD12376
2025-12-07,Tea Powder 500g,23,240,CUST035,South,ORD12377
2025-12-07,Wheat Flour 10kg,22,430,CUST003,West,ORD12378
2025-12-07,Toor Dal 1kg,32,160,CUST051,West,ORD12379
2025-12-07,Detergent Powder 2kg,18,310,CUST007,North,ORD12380
2025-12-07,Milk Powder 500g,15,275,CUST008,West,ORD12381
2025-12-07,Spice Mix Pack,40,95,CUST020,North,ORD12382
2025-12-08,Tea Powder 500g,24,240,CUST014,North,ORD12383
2025-12-08,Toor Dal 1kg,25,160,CUST021,West,ORD12384
2025-12-08,Detergent Powder 2kg,18,310,CUST008,South,ORD12385
2025-12-08,Milk Powder 500g,15,275,CUST054,West,ORD12386
2025-12-08,Spice Mix Pack,32,95,CUST040,West,ORD12387
2025-12-09,Sunflower Oil 1L,25,185,CUST056,West,ORD12388
2025-12-09,Tea Powder 500g,19,240,CUST001,North,ORD12389
2025-12-09,Toor Dal 1kg,24,160,CUST060,North,ORD12390
2025-12-09,Milk Powder 500g,10,275,CUST033,West,ORD12391
2025-12-09,Spice Mix Pack,39,95,CUST055,East,ORD12392
2025-12-10,Wheat Flour 10kg,10,430,CUST037,North,ORD12393
2025-12-10,Milk Powder 500g,13,275,CUST053,West,ORD12394
2025-12-11,Basmati Rice 5kg,14,520,CUST008,South,ORD12395
2025-12-11,Tea Powder 500g,33,240,CUST033,South,ORD12396
2025-12-11,Toor Dal 1kg,22,160,CUST046,North,ORD12397
2025-12-11,Spice Mix Pack,53,95,CUST012,North,ORD12398
2025-12-12,Basmati Rice 5kg,9,520,CUST020,South,ORD12399
2025-12-12,Sunflower Oil 1L,35,185,CUST059,West,ORD12400
2025-12-12,Wheat Flour 10kg,13,430,CUST016,South,ORD12401
2025-12-12,Detergent Powder 2kg,24,310,CUST016,East,ORD12402
2025-12-12,Milk Powder 500g,16,275,CUST003,South,ORD12403
2025-12-13,Sunflower Oil 1L,43,185,CUST031,South,ORD12404
2025-12-13,Wheat Flour 10kg,14,430,CUST002,North,ORD12405
2025-12-13,Toor Dal 1kg,45,160,CUST045,West,ORD12406
2025-12-13,Detergent Powder 2kg,15,310,CUST010,North,ORD12407
2025-12-13,Milk Powder 500g,23,275,CUST054,West,ORD12408
2025-12-14,Sunflower Oil 1L,51,185,CUST031,East,ORD12409
2025-12-14,Wheat Flour 10kg,15,430,CUST035,North,ORD12410
2025-12-14,Detergent Powder 2kg,22,310,CUST012,South,ORD12411
2025-12-15,Basmati Rice 5kg,13,520,CUST007,East,ORD12412
2025-12-15,Tea Powder 500g,21,240,CUST028,North,ORD12413
2025-12-15,Wheat Flour 10kg,9,430,CUST024,North,ORD12414
2025-12-15,Toor Dal 1kg,15,160,CUST057,North,ORD12415
2025-12-16,Basmati Rice 5kg,14,520,CUST007,North,ORD12416
2025-12-16,Sunflower Oil 1L,35,185,CUST027,East,ORD12417
2025-12-16,Tea Powder 500g,25,240,CUST027,West,ORD12418
2025-12-16,Wheat Flour 10kg,11,430,CUST006,East,ORD12419
2025-12-16,Spice Mix Pack,17,95,CUST030,North,ORD12420
2025-12-17,Sunflower Oil 1L,25,185,CUST053,East,ORD12421
2025-12-17,Tea Powder 500g,28,240,CUST058,West,ORD12422
2025-12-17,Wheat Flour 10kg,6,430,CUST060,West,ORD12423
2025-12-17,Detergent Powder 2kg,20,310,CUST021,North,ORD12424
2025-12-17,Spice Mix Pack,21,95,CUST022,East,ORD12425
2025-12-18,Sunflower Oil 1L,24,185,CUST048,South,ORD12426
2025-12-18,Tea Powder 500g,20,240,CUST029,East,ORD12427
2025-12-18,Wheat Flour 10kg,12,430,CUST025,West,ORD12428
2025-12-18,Milk Powder 500g,13,275,CUST053,South,ORD12429
2025-12-19,Tea Powder 500g,27,240,CUST050,East,ORD12430
2025-12-19,Wheat Flour 10kg,7,430,CUST024,North,ORD12431
2025-12-19,Milk Powder 500g,12,275,CUST021,East,ORD12432
2025-12-19,Spice Mix Pack,34,95,CUST052,East,ORD12433
2025-12-20,Basmati Rice 5kg,17,520,CUST028,East,ORD12434
2025-12-20,Wheat Flour 10kg,15,430,CUST022,West,ORD12435
2025-12-20,Toor Dal 1kg,30,160,CUST047,East,ORD12436
2025-12-20,Detergent Powder 2kg,17,310,CUST012,North,ORD12437
2025-12-20,Milk Powder 500g,14,275,CUST053,South,ORD12438
2025-12-20,Spice Mix Pack,56,95,CUST017,West,ORD12439
2025-12-21,Basmati Rice 5kg,15,520,CUST046,East,ORD12440
2025-12-21,Sunflower Oil 1L,43,185,CUST038,South,ORD12441
2025-12-21,Tea Powder 500g,29,240,CUST005,South,ORD12442
2025-12-21,Wheat Flour 10kg,14,430,CUST039,North,ORD12443
2025-12-21,Detergent Powder 2kg,14,310,CUST052,North,ORD12444
2025-12-21,Milk Powder 500g,15,275,CUST052,West,ORD12445
2025-12-21,Spice Mix Pack,46,95,CUST040,South,ORD12446
2025-12-22,Basmati Rice 5kg,14,520,CUST004,South,ORD12447
2025-12-22,Toor Dal 1kg,31,160,CUST008,East,ORD12448
2025-12-22,Detergent Powder 2kg,24,310,CUST052,South,ORD12449
2025-12-22,Milk Powder 500g,15,275,CUST019,East,ORD12450
2025-12-23,Sunflower Oil 1L,25,185,CUST054,North,ORD12451
2025-12-23,Tea Powder 500g,18,240,CUST050,South,ORD12452
2025-12-23,Toor Dal 1kg,17,160,CUST010,South,ORD12453
2025-12-23,Spice Mix Pack,36,95,CUST010,South,ORD12454
2025-12-24,Sunflower Oil 1L,35,185,CUST046,West,ORD12455
2025-12-24,Wheat Flour 10kg,11,430,CUST057,North,ORD12456
2025-12-24,Toor Dal 1kg,18,160,CUST018,North,ORD12457
2025-12-24,Detergent Powder 2kg,15,310,CUST030,West,ORD12458
2025-12-24,Spice Mix Pack,27,95,CUST016,South,ORD12459
2025-12-25,Sunflower Oil 1L,21,185,CUST013,West,ORD12460
2025-12-25,Tea Powder 500g,26,240,CUST050,West,ORD12461
2025-12-25,Wheat Flour 10kg,11,430,CUST031,South,ORD12462
2025-12-25,Toor Dal 1kg,28,160,CUST035,North,ORD12463
2025-12-25,Detergent Powder 2kg,16,310,CUST005,West,ORD12464
2025-12-25,Milk Powder 500g,12,275,CUST027,East,ORD12465
2025-12-26,Basmati Rice 5kg,15,520,CUST045,South,ORD12466
2025-12-26,Tea Powder 500g,30,240,CUST058,North,ORD12467
2025-12-26,Wheat Flour 10kg,14,430,CUST017,East,ORD12468
2025-12-26,Detergent Powder 2kg,18,310,CUST060,West,ORD12469
2025-12-26,Milk Powder 500g,13,275,CUST045,North,ORD12470
2025-12-26,Spice Mix Pack,32,95,CUST003,North,ORD12471
2025-12-27,Tea Powder 500g,26,240,CUST011,North,ORD12472
2025-12-27,Wheat Flour 10kg,16,430,CUST058,East,ORD12473
2025-12-27,Detergent Powder 2kg,25,310,CUST019,West,ORD12474
2025-12-27,Milk Powder 500g,14,275,CUST025,West,ORD12475
2025-12-28,Basmati Rice 5kg,9,520,CUST028,North,ORD12476
2025-12-28,Tea Powder 500g,25,240,CUST037,North,ORD12477
2025-12-28,Wheat Flour 10kg,10,430,CUST054,South,ORD12478
2025-12-29,Tea Powder 500g,23,240,CUST029,North,ORD12479
2025-12-29,Wheat Flour 10kg,10,430,CUST014,North,ORD12480
2025-12-29,Detergent Powder 2kg,12,310,CUST039,East,ORD12481
2025-12-29,Milk Powder 500g,15,275,CUST023,North,ORD12482
2025-12-29,Spice Mix Pack,34,95,CUST058,East,ORD12483
2025-12-30,Basmati Rice 5kg,7,520,CUST053,North,ORD12484
2025-12-30,Tea Powder 500g,24,240,CUST023,North,ORD12485
2025-12-30,Milk Powder 500g,12,275,CUST005,East,ORD12486
2025-12-31,Basmati Rice 5kg,9,520,CUST034,West,ORD12487
2025-12-31,Sunflower Oil 1L,27,185,CUST043,North,ORD12488
2025-12-31,Tea Powder 500g,25,240,CUST022,East,ORD12489
2025-12-31,Wheat Flour 10kg,11,430,CUST046,West,ORD12490
2025-12-31,Toor Dal 1kg,29,160,CUST005,East,ORD12491
2025-12-31,Detergent Powder 2kg,15,310,CUST056,North,ORD12492
2025-12-31,Milk Powder 500g,14,275,CUST047,South,ORD12493
2026-01-01,Toor Dal 1kg,19,160,CUST060,West,ORD12494
2026-01-02,Basmati Rice 5kg,11,520,CUST057,East,ORD12495
2026-01-02,Sunflower Oil 1L,22,185,CUST050,West,ORD12496
2026-01-02,Wheat Flour 10kg,9,430,CUST022,West,ORD12497
2026-01-02,Toor Dal 1kg,19,160,CUST004,North,ORD12498
2026-01-02,Detergent Powder 2kg,9,310,CUST053,North,ORD12499
2026-01-03,Sunflower Oil 1L,36,185,CUST001,East,ORD12500
2026-01-03,Tea Powder 500g,25,240,CUST056,East,ORD12501
2026-01-03,Wheat Flour 10kg,13,430,CUST007,North,ORD12502
2026-01-03,Toor Dal 1kg,19,160,CUST035,North,ORD12503
2026-01-03,Detergent Powder 2kg,13,310,CUST021,West,ORD12504
2026-01-04,Basmati Rice 5kg,13,520,CUST006,West,ORD12505
2026-01-04,Sunflower Oil 1L,25,185,CUST051,North,ORD12506
2026-01-04,Tea Powder 500g,16,240,CUST058,North,ORD12507
2026-01-04,Wheat Flour 10kg,10,430,CUST046,East,ORD12508
2026-01-04,Toor Dal 1kg,27,160,CUST057,East,ORD12509
2026-01-04,Detergent Powder 2kg,15,310,CUST010,North,ORD12510
2026-01-04,Milk Powder 500g,13,275,CUST035,East,ORD12511
2026-01-04,Spice Mix Pack,36,95,CUST015,West,ORD12512
2026-01-05,Basmati Rice 5kg,8,520,CUST017,East,ORD12513
2026-01-05,Detergent Powder 2kg,10,310,CUST008,West,ORD12514
2026-01-05,Milk Powder 500g,10,275,CUST009,South,ORD12515
2026-01-06,Basmati Rice 5kg,13,520,CUST020,West,ORD12516
2026-01-06,Sunflower Oil 1L,20,185,CUST057,East,ORD12517
2026-01-06,Toor Dal 1kg,20,160,CUST048,East,ORD12518
2026-01-06,Milk Powder 500g,9,275,CUST051,North,ORD12519
2026-01-07,Basmati Rice 5kg,12,520,CUST051,West,ORD12520
2026-01-07,Sunflower Oil 1L,32,185,CUST039,West,ORD12521
2026-01-07,Wheat Flour 10kg,10,430,CUST054,South,ORD12522
2026-01-07,Toor Dal 1kg,22,160,CUST060,West,ORD12523
2026-01-07,Detergent Powder 2kg,16,310,CUST059,North,ORD12524
2026-01-07,Milk Powder 500g,10,275,CUST004,North,ORD12525
2026-01-08,Basmati Rice 5kg,9,520,CUST009,West,ORD12526
2026-01-08,Sunflower Oil 1L,34,185,CUST006,East,ORD12527
2026-01-08,Wheat Flour 10kg,9,430,CUST023,North,ORD12528
2026-01-08,Detergent Powder 2kg,11,310,CUST038,South,ORD12529
2026-01-08,Milk Powder 500g,6,275,CUST047,North,ORD12530
2026-01-08,Spice Mix Pack,25,95,CUST045,South,ORD12531
2026-01-09,Sunflower Oil 1L,28,185,CUST056,West,ORD12532
2026-01-09,Tea Powder 500g,22,240,CUST031,East,ORD12533
2026-01-09,Wheat Flour 10kg,10,430,CUST059,South,ORD12534
2026-01-09,Toor Dal 1kg,19,160,CUST051,East,ORD12535
2026-01-10,Basmati Rice 5kg,10,520,CUST040,East,ORD12536
2026-01-10,Tea Powder 500g,28,240,CUST033,East,ORD12537
2026-01-10,Wheat Flour 10kg,12,430,CUST002,East,ORD12538
2026-01-10,Detergent Powder 2kg,17,310,CUST046,West,ORD12539
2026-01-10,Milk Powder 500g,14,275,CUST003,West,ORD12540
2026-01-10,Spice Mix Pack,33,95,CUST021,North,ORD12541
2026-01-11,Wheat Flour 10kg,4,430,CUST003,North,ORD12542
2026-01-11,Milk Powder 500g,16,275,CUST052,West,ORD12543
2026-01-11,Spice Mix Pack,37,95,CUST007,North,ORD12544
2026-01-12,Sunflower Oil 1L,18,185,CUST048,South,ORD12545
2026-01-12,Tea Powder 500g,12,240,CUST022,North,ORD12546
2026-01-12,Wheat Flour 10kg,9,430,CUST034,East,ORD12547
2026-01-12,Toor Dal 1kg,19,160,CUST010,East,ORD12548
2026-01-12,Detergent Powder 2kg,9,310,CUST035,West,ORD12549
2026-01-12,Milk Powder 500g,7,275,CUST004,West,ORD12550
2026-01-12,Spice Mix Pack,32,95,CUST048,North,ORD12551
2026-01-13,Basmati Rice 5kg,9,520,CUST028,West,ORD12552
2026-01-13,Sunflower Oil 1L,22,185,CUST011,North,ORD12553
2026-01-13,Wheat Flour 10kg,9,430,CUST009,East,ORD12554
2026-01-13,Toor Dal 1kg,21,160,CUST006,East,ORD12555
2026-01-13,Detergent Powder 2kg,15,310,CUST032,North,ORD12556
2026-01-13,Spice Mix Pack,25,95,CUST010,East,ORD12557
2026-01-14,Basmati Rice 5kg,6,520,CUST005,North,ORD12558
2026-01-14,Tea Powder 500g,17,240,CUST006,South,ORD12559
2026-01-14,Wheat Flour 10kg,10,430,CUST031,West,ORD12560
2026-01-14,Toor Dal 1kg,23,160,CUST009,North,ORD12561
2026-01-14,Detergent Powder 2kg,14,310,CUST050,North,ORD12562
2026-01-14,Milk Powder 500g,8,275,CUST005,East,ORD12563
2026-01-14,Spice Mix Pack,23,95,CUST008,East,ORD12564
2026-01-15,Basmati Rice 5kg,11,520,CUST016,East,ORD12565
2026-01-15,Tea Powder 500g,17,240,CUST037,South,ORD12566
2026-01-15,Wheat Flour 10kg,7,430,CUST043,West,ORD12567
2026-01-15,Detergent Powder 2kg,12,310,CUST040,West,ORD12568
2026-01-15,Milk Powder 500g,7,275,CUST043,South,ORD12569
2026-01-15,Spice Mix Pack,20,95,CUST050,West,ORD12570
2026-01-16,Tea Powder 500g,12,240,CUST018,East,ORD12571
2026-01-16,Toor Dal 1kg,23,160,CUST024,East,ORD12572
2026-01-16,Detergent Powder 2kg,13,310,CUST059,East,ORD12573
2026-01-16,Milk Powder 500g,7,275,CUST016,South,ORD12574
2026-01-17,Sunflower Oil 1L,37,185,CUST057,East,ORD12575
2026-01-17,Wheat Flour 10kg,13,430,CUST026,North,ORD12576
2026-01-17,Toor Dal 1kg,34,160,CUST010,South,ORD12577
2026-01-17,Detergent Powder 2kg,13,310,CUST053,West,ORD12578
2026-01-17,Milk Powder 500g,10,275,CUST048,South,ORD12579
2026-01-17,Spice Mix Pack,19,95,CUST019,North,ORD12580
2026-01-18,Basmati Rice 5kg,15,520,CUST028,West,ORD12581
2026-01-18,Sunflower Oil 1L,34,185,CUST017,South,ORD12582
2026-01-18,Tea Powder 500g,22,240,CUST034,West,ORD12583
2026-01-18,Wheat Flour 10kg,8,430,CUST027,East,ORD12584
2026-01-18,Toor Dal 1kg,34,160,CUST041,West,ORD12585
2026-01-18,Detergent Powder 2kg,18,310,CUST041,North,ORD12586
2026-01-18,Milk Powder 500g,10,275,CUST022,East,ORD12587
2026-01-19,Tea Powder 500g,17,240,CUST028,South,ORD12588
2026-01-19,Toor Dal 1kg,23,160,CUST039,South,ORD12589
2026-01-19,Spice Mix Pack,25,95,CUST003,South,ORD12590
2026-01-20,Basmati Rice 5kg,10,520,CUST051,North,ORD12591
2026-01-20,Tea Powder 500g,9,240,CUST049,East,ORD12592
2026-01-20,Toor Dal 1kg,23,160,CUST047,West,ORD12593
2026-01-20,Detergent Powder 2kg,13,310,CUST055,West,ORD12594
2026-01-20,Milk Powder 500g,11,275,CUST056,South,ORD12595
2026-01-20,Spice Mix Pack,34,95,CUST032,West,ORD12596
2026-01-21,Basmati Rice 5kg,4,520,CUST005,West,ORD12597
2026-01-21,Sunflower Oil 1L,28,185,CUST015,North,ORD12598
2026-01-21,Tea Powder 500g,14,240,CUST050,East,ORD12599
2026-01-21,Toor Dal 1kg,25,160,CUST015,North,ORD12600
2026-01-21,Detergent Powder 2kg,6,310,CUST054,East,ORD12601
2026-01-21,Milk Powder 500g,15,275,CUST058,West,ORD12602
2026-01-21,Spice Mix Pack,28,95,CUST033,South,ORD12603
2026-01-22,Tea Powder 500g,23,240,CUST036,West,ORD12604
2026-01-22,Wheat Flour 10kg,8,430,CUST008,South,ORD12605
2026-01-22,Toor Dal 1kg,28,160,CUST053,North,ORD12606
2026-01-22,Spice Mix Pack,23,95,CUST041,North,ORD12607
2026-01-23,Basmati Rice 5kg,13,520,CUST050,North,ORD12608
2026-01-23,Sunflower Oil 1L,24,185,CUST008,East,ORD12609
2026-01-23,Tea Powder 500g,19,240,CUST002,North,ORD12610
2026-01-23,Toor Dal 1kg,13,160,CUST006,South,ORD12611
2026-01-23,Milk Powder 500g,10,275,CUST030,North,ORD12612
2026-01-23,Spice Mix Pack,21,95,CUST044,North,ORD12613
2026-01-24,Basmati Rice 5kg,9,520,CUST026,South,ORD12614
2026-01-24,Sunflower Oil 1L,30,185,CUST041,North,ORD12615
2026-01-24,Wheat Flour 10kg,14,430,CUST027,North,ORD12616
2026-01-24,Spice Mix Pack,32,95,CUST043,West,ORD12617
2026-01-25,Basmati Rice 5kg,13,520,CUST020,South,ORD12618
2026-01-25,Tea Powder 500g,27,240,CUST003,South,ORD12619
2026-01-25,Toor Dal 1kg,21,160,CUST047,West,ORD12620
2026-01-25,Milk Powder 500g,17,275,CUST005,North,ORD12621
2026-01-25,Spice Mix Pack,37,95,CUST028,East,ORD12622
2026-01-26,Toor Dal 1kg,19,160,CUST001,East,ORD12623
2026-01-26,Detergent Powder 2kg,13,310,CUST030,North,ORD12624
2026-01-26,Milk Powder 500g,11,275,CUST056,South,ORD12625
2026-01-26,Spice Mix Pack,30,95,CUST043,East,ORD12626
2026-01-27,Sunflower Oil 1L,17,185,CUST035,North,ORD12627
2026-01-27,Wheat Flour 10kg,9,430,CUST058,South,ORD12628
2026-01-27,Toor Dal 1kg,18,160,CUST025,West,ORD12629
2026-01-27,Milk Powder 500g,11,275,CUST034,South,ORD12630
2026-01-27,Spice Mix Pack,21,95,CUST042,North,ORD12631
2026-01-28,Sunflower Oil 1L,29,185,CUST045,South,ORD12632
2026-01-28,Tea Powder 500g,9,240,CUST024,South,ORD12633
2026-01-28,Wheat Flour 10kg,8,430,CUST010,East,ORD12634
2026-01-28,Toor Dal 1kg,18,160,CUST024,North,ORD12635
2026-01-28,Detergent Powder 2kg,9,310,CUST018,West,ORD12636
2026-01-29,Sunflower Oil 1L,18,185,CUST012,East,ORD12637
2026-01-29,Wheat Flour 10kg,5,430,CUST038,East,ORD12638
2026-01-29,Toor Dal 1kg,20,160,CUST031,North,ORD12639
2026-01-29,Detergent Powder 2kg,11,310,CUST028,South,ORD12640
2026-01-30,Basmati Rice 5kg,12,520,CUST031,South,ORD12641
2026-01-30,Sunflower Oil 1L,34,185,CUST012,East,ORD12642
2026-01-30,Tea Powder 500g,20,240,CUST043,West,ORD12643
2026-01-30,Detergent Powder 2kg,13,310,CUST055,East,ORD12644
2026-01-30,Spice Mix Pack,34,95,CUST006,South,ORD12645
2026-01-31,Toor Dal 1kg,25,160,CUST019,North,ORD12646
2026-01-31,Detergent Powder 2kg,11,310,CUST001,South,ORD12647
2026-01-31,Milk Powder 500g,13,275,CUST056,East,ORD12648
2026-01-31,Spice Mix Pack,28,95,CUST009,East,ORD12649
2026-02-01,Basmati Rice 5kg,9,520,CUST001,West,ORD12650
2026-02-01,Sunflower Oil 1L,30,185,CUST034,North,ORD12651
2026-02-01,Wheat Flour 10kg,7,430,CUST054,West,ORD12652
2026-02-01,Detergent Powder 2kg,19,310,CUST011,South,ORD12653
2026-02-01,Milk Powder 500g,4,275,CUST020,West,ORD12654
2026-02-01,Spice Mix Pack,17,95,CUST054,West,ORD12655
2026-02-02,Sunflower Oil 1L,11,185,CUST027,East,ORD12656
2026-02-02,Wheat Flour 10kg,9,430,CUST027,North,ORD12657
2026-02-02,Toor Dal 1kg,17,160,CUST016,North,ORD12658
2026-02-02,Detergent Powder 2kg,8,310,CUST029,North,ORD12659
2026-02-02,Milk Powder 500g,10,275,CUST007,North,ORD12660
2026-02-03,Basmati Rice 5kg,6,520,CUST016,West,ORD12661
2026-02-03,Sunflower Oil 1L,26,185,CUST012,East,ORD12662
2026-02-03,Toor Dal 1kg,16,160,CUST030,West,ORD12663
2026-02-03,Detergent Powder 2kg,12,310,CUST044,West,ORD12664
2026-02-03,Milk Powder 500g,8,275,CUST005,West,ORD12665
2026-02-03,Spice Mix Pack,26,95,CUST002,West,ORD12666
2026-02-04,Basmati Rice 5kg,11,520,CUST055,East,ORD12667
2026-02-04,Sunflower Oil 1L,31,185,CUST060,West,ORD12668
2026-02-04,Tea Powder 500g,16,240,CUST028,West,ORD12669
2026-02-04,Wheat Flour 10kg,6,430,CUST040,West,ORD12670
2026-02-04,Toor Dal 1kg,21,160,CUST052,South,ORD12671
2026-02-04,Detergent Powder 2kg,10,310,CUST059,North,ORD12672
2026-02-04,Spice Mix Pack,30,95,CUST046,East,ORD12673
2026-02-05,Basmati Rice 5kg,12,520,CUST035,East,ORD12674
2026-02-05,Sunflower Oil 1L,15,185,CUST044,West,ORD12675
2026-02-05,Tea Powder 500g,13,240,CUST015,West,ORD12676
2026-02-05,Detergent Powder 2kg,13,310,CUST034,East,ORD12677
2026-02-06,Basmati Rice 5kg,7,520,CUST021,East,ORD12678
2026-02-06,Sunflower Oil 1L,17,185,CUST050,East,ORD12679
2026-02-06,Wheat Flour 10kg,7,430,CUST012,South,ORD12680
2026-02-06,Toor Dal 1kg,22,160,CUST007,East,ORD12681
2026-02-06,Milk Powder 500g,13,275,CUST040,West,ORD12682
2026-02-06,Spice Mix Pack,32,95,CUST058,South,ORD12683
2026-02-07,Basmati Rice 5kg,9,520,CUST025,West,ORD12684
2026-02-07,Sunflower Oil 1L,28,185,CUST039,North,ORD12685
2026-02-07,Wheat Flour 10kg,13,430,CUST034,East,ORD12686
2026-02-07,Toor Dal 1kg,25,160,CUST009,West,ORD12687
2026-02-07,Milk Powder 500g,10,275,CUST002,West,ORD12688
2026-02-08,Basmati Rice 5kg,9,520,CUST006,North,ORD12689
2026-02-08,Wheat Flour 10kg,10,430,CUST015,West,ORD12690
2026-02-08,Toor Dal 1kg,13,160,CUST012,East,ORD12691
2026-02-08,Detergent Powder 2kg,14,310,CUST060,South,ORD12692
2026-02-08,Milk Powder 500g,15,275,CUST023,North,ORD12693
2026-02-08,Spice Mix Pack,29,95,CUST051,North,ORD12694
2026-02-09,Sunflower Oil 1L,19,185,CUST020,East,ORD12695
2026-02-09,Toor Dal 1kg,16,160,CUST058,West,ORD12696
2026-02-09,Milk Powder 500g,9,275,CUST009,South,ORD12697
2026-02-09,Spice Mix Pack,22,95,CUST045,East,ORD12698
2026-02-10,Basmati Rice 5kg,6,520,CUST026,West,ORD12699
2026-02-10,Tea Powder 500g,14,240,CUST040,South,ORD12700
2026-02-10,Wheat Flour 10kg,8,430,CUST001,West,ORD12701
2026-02-10,Toor Dal 1kg,21,160,CUST032,West,ORD12702
2026-02-10,Detergent Powder 2kg,9,310,CUST043,West,ORD12703
2026-02-10,Spice Mix Pack,30,95,CUST056,West,ORD12704
2026-02-11,Basmati Rice 5kg,4,520,CUST059,North,ORD12705
2026-02-11,Sunflower Oil 1L,17,185,CUST007,North,ORD12706
2026-02-11,Tea Powder 500g,20,240,CUST017,West,ORD12707
2026-02-11,Detergent Powder 2kg,11,310,CUST029,North,ORD12708
2026-02-11,Milk Powder 500g,6,275,CUST039,East,ORD12709
2026-02-12,Basmati Rice 5kg,8,520,CUST040,East,ORD12710
2026-02-12,Tea Powder 500g,14,240,CUST039,West,ORD12711
2026-02-12,Detergent Powder 2kg,11,310,CUST049,East,ORD12712
2026-02-12,Milk Powder 500g,12,275,CUST027,North,ORD12713
2026-02-13,Basmati Rice 5kg,9,520,CUST029,North,ORD12714
2026-02-13,Sunflower Oil 1L,34,185,CUST007,North,ORD12715
2026-02-13,Toor Dal 1kg,34,160,CUST018,North,ORD12716
2026-02-13,Detergent Powder 2kg,19,310,CUST054,East,ORD12717
2026-02-13,Milk Powder 500g,7,275,CUST037,North,ORD12718
2026-02-13,Spice Mix Pack,32,95,CUST055,West,ORD12719
2026-02-14,Sunflower Oil 1L,32,185,CUST018,South,ORD12720
2026-02-14,Wheat Flour 10kg,10,430,CUST026,South,ORD12721
2026-02-14,Toor Dal 1kg,25,160,CUST055,East,ORD12722
2026-02-14,Detergent Powder 2kg,18,310,CUST037,West,ORD12723
2026-02-15,Basmati Rice 5kg,8,520,CUST041,West,ORD12724
2026-02-15,Sunflower Oil 1L,29,185,CUST049,West,ORD12725
2026-02-15,Wheat Flour 10kg,6,430,CUST005,East,ORD12726
2026-02-15,Detergent Powder 2kg,17,310,CUST038,South,ORD12727
2026-02-15,Milk Powder 500g,13,275,CUST023,East,ORD12728
2026-02-16,Basmati Rice 5kg,10,520,CUST036,West,ORD12729
2026-02-16,Sunflower Oil 1L,20,185,CUST023,East,ORD12730
2026-02-16,Tea Powder 500g,15,240,CUST031,West,ORD12731
2026-02-16,Detergent Powder 2kg,9,310,CUST023,West,ORD12732
2026-02-16,Milk Powder 500g,9,275,CUST002,South,ORD12733
2026-02-16,Spice Mix Pack,21,95,CUST052,South,ORD12734
2026-02-17,Basmati Rice 5kg,8,520,CUST029,West,ORD12735
2026-02-17,Tea Powder 500g,12,240,CUST035,South,ORD12736
2026-02-17,Toor Dal 1kg,18,160,CUST057,West,ORD12737
2026-02-17,Detergent Powder 2kg,12,310,CUST024,North,ORD12738
2026-02-17,Milk Powder 500g,9,275,CUST003,South,ORD12739
2026-02-17,Spice Mix Pack,23,95,CUST037,West,ORD12740
2026-02-18,Wheat Flour 10kg,5,430,CUST039,West,ORD12741
2026-02-18,Spice Mix Pack,28,95,CUST005,South,ORD12742
2026-02-19,Toor Dal 1kg,15,160,CUST027,West,ORD12743
2026-02-19,Detergent Powder 2kg,7,310,CUST005,East,ORD12744
2026-02-19,Milk Powder 500g,9,275,CUST054,West,ORD12745
2026-02-20,Basmati Rice 5kg,11,520,CUST057,North,ORD12746
2026-02-20,Sunflower Oil 1L,15,185,CUST043,North,ORD12747
2026-02-20,Tea Powder 500g,21,240,CUST009,North,ORD12748
2026-02-20,Toor Dal 1kg,20,160,CUST059,West,ORD12749
2026-02-20,Detergent Powder 2kg,13,310,CUST050,East,ORD12750
2026-02-20,Spice Mix Pack,24,95,CUST008,West,ORD12751
2026-02-21,Sunflower Oil 1L,34,185,CUST055,North,ORD12752
2026-02-21,Spice Mix Pack,25,95,CUST028,North,ORD12753
2026-02-22,Basmati Rice 5kg,7,520,CUST055,North,ORD12754
2026-02-22,Tea Powder 500g,22,240,CUST056,East,ORD12755
2026-02-22,Wheat Flour 10kg,8,430,CUST029,West,ORD12756
2026-02-22,Toor Dal 1kg,26,160,CUST014,South,ORD12757
2026-02-22,Detergent Powder 2kg,12,310,CUST059,West,ORD12758
2026-02-22,Spice Mix Pack,40,95,CUST014,West,ORD12759
2026-02-23,Basmati Rice 5kg,9,520,CUST045,North,ORD12760
2026-02-23,Sunflower Oil 1L,23,185,CUST052,North,ORD12761
2026-02-23,Tea Powder 500g,13,240,CUST005,East,ORD12762
2026-02-23,Detergent Powder 2kg,14,310,CUST027,West,ORD12763
2026-02-23,Milk Powder 500g,10,275,CUST020,North,ORD12764
2026-02-23,Spice Mix Pack,36,95,CUST033,North,ORD12765
2026-02-24,Basmati Rice 5kg,8,520,CUST006,North,ORD12766
2026-02-24,Sunflower Oil 1L,18,185,CUST020,North,ORD12767
2026-02-24,Tea Powder 500g,22,240,CUST037,East,ORD12768
2026-02-24,Wheat Flour 10kg,6,430,CUST055,West,ORD12769
2026-02-24,Detergent Powder 2kg,12,310,CUST004,North,ORD12770
2026-02-24,Spice Mix Pack,17,95,CUST059,West,ORD12771
2026-02-25,Sunflower Oil 1L,21,185,CUST022,North,ORD12772
2026-02-25,Toor Dal 1kg,23,160,CUST010,East,ORD12773
2026-02-25,Spice Mix Pack,26,95,CUST020,West,ORD12774
2026-02-26,Sunflower Oil 1L,32,185,CUST031,South,ORD12775
2026-02-26,Tea Powder 500g,19,240,CUST028,South,ORD12776
2026-02-26,Wheat Flour 10kg,7,430,CUST041,East,ORD12777
2026-02-26,Toor Dal 1kg,19,160,CUST024,East,ORD12778
2026-02-26,Milk Powder 500g,11,275,CUST026,West,ORD12779
2026-02-27,Basmati Rice 5kg,8,520,CUST042,East,ORD12780
2026-02-27,Tea Powder 500g,18,240,CUST002,West,ORD12781
2026-02-27,Toor Dal 1kg,25,160,CUST044,East,ORD12782
2026-02-27,Milk Powder 500g,10,275,CUST040,North,ORD12783
2026-02-27,Spice Mix Pack,23,95,CUST005,West,ORD12784
2026-02-28,Basmati Rice 5kg,15,520,CUST044,East,ORD12785
2026-02-28,Sunflower Oil 1L,43,185,CUST008,West,ORD12786
2026-02-28,Tea Powder 500g,19,240,CUST027,West,ORD12787
2026-02-28,Wheat Flour 10kg,13,430,CUST060,East,ORD12788
2026-02-28,Toor Dal 1kg,25,160,CUST009,South,ORD12789
2026-03-01,Sunflower Oil 1L,33,185,CUST046,North,ORD12790
2026-03-01,Tea Powder 500g,19,240,CUST002,South,ORD12791
2026-03-01,Wheat Flour 10kg,13,430,CUST028,West,ORD12792
2026-03-01,Milk Powder 500g,16,275,CUST049,South,ORD12793
2026-03-01,Spice Mix Pack,25,95,CUST013,South,ORD12794
2026-03-02,Basmati Rice 5kg,7,520,CUST034,West,ORD12795
2026-03-02,Wheat Flour 10kg,6,430,CUST037,South,ORD12796
2026-03-02,Detergent Powder 2kg,12,310,CUST027,East,ORD12797
2026-03-02,Spice Mix Pack,26,95,CUST027,North,ORD12798
2026-03-03,Sunflower Oil 1L,19,185,CUST043,West,ORD12799
2026-03-03,Wheat Flour 10kg,6,430,CUST030,West,ORD12800
2026-03-03,Toor Dal 1kg,20,160,CUST056,North,ORD12801
2026-03-03,Detergent Powder 2kg,10,310,CUST033,East,ORD12802
2026-03-03,Milk Powder 500g,7,275,CUST028,West,ORD12803
2026-03-04,Basmati Rice 5kg,12,520,CUST002,West,ORD12804
2026-03-04,Sunflower Oil 1L,22,185,CUST022,South,ORD12805
2026-03-04,Tea Powder 500g,17,240,CUST007,South,ORD12806
2026-03-04,Toor Dal 1kg,30,160,CUST051,East,ORD12807
2026-03-04,Milk Powder 500g,13,275,CUST003,East,ORD12808
2026-03-04,Spice Mix Pack,24,95,CUST052,South,ORD12809
2026-03-05,Sunflower Oil 1L,28,185,CUST017,East,ORD12810
2026-03-05,Toor Dal 1kg,21,160,CUST022,South,ORD12811
2026-03-05,Detergent Powder 2kg,19,310,CUST041,South,ORD12812
2026-03-05,Milk Powder 500g,7,275,CUST050,West,ORD12813
2026-03-05,Spice Mix Pack,18,95,CUST035,East,ORD12814
2026-03-06,Basmati Rice 5kg,12,520,CUST055,South,ORD12815
2026-03-06,Sunflower Oil 1L,34,185,CUST029,West,ORD12816
2026-03-06,Wheat Flour 10kg,8,430,CUST004,South,ORD12817
2026-03-06,Detergent Powder 2kg,16,310,CUST034,East,ORD12818
2026-03-07,Sunflower Oil 1L,36,185,CUST053,North,ORD12819
2026-03-07,Tea Powder 500g,25,240,CUST004,North,ORD12820
2026-03-07,Milk Powder 500g,15,275,CUST044,North,ORD12821
2026-03-07,Spice Mix Pack,35,95,CUST032,West,ORD12822
2026-03-08,Sunflower Oil 1L,40,185,CUST023,South,ORD12823
2026-03-08,Tea Powder 500g,23,240,CUST021,North,ORD12824
2026-03-08,Wheat Flour 10kg,10,430,CUST048,East,ORD12825
2026-03-08,Toor Dal 1kg,22,160,CUST055,East,ORD12826
2026-03-08,Detergent Powder 2kg,12,310,CUST044,West,ORD12827
2026-03-08,Spice Mix Pack,50,95,CUST034,South,ORD12828
2026-03-09,Sunflower Oil 1L,32,185,CUST021,South,ORD12829
2026-03-09,Tea Powder 500g,20,240,CUST053,North,ORD12830
2026-03-09,Wheat Flour 10kg,12,430,CUST059,West,ORD12831
2026-03-09,Toor Dal 1kg,10,160,CUST036,West,ORD12832
2026-03-09,Detergent Powder 2kg,13,310,CUST047,North,ORD12833
2026-03-09,Spice Mix Pack,31,95,CUST019,West,ORD12834
2026-03-10,Sunflower Oil 1L,23,185,CUST001,North,ORD12835
2026-03-10,Wheat Flour 10kg,7,430,CUST010,West,ORD12836
2026-03-10,Toor Dal 1kg,20,160,CUST018,West,ORD12837
2026-03-10,Milk Powder 500g,12,275,CUST032,West,ORD12838
2026-03-10,Spice Mix Pack,19,95,CUST018,East,ORD12839
2026-03-11,Tea Powder 500g,11,240,CUST018,South,ORD12840
2026-03-11,Milk Powder 500g,8,275,CUST005,East,ORD12841
2026-03-12,Sunflower Oil 1L,33,185,CUST054,North,ORD12842
2026-03-12,Tea Powder 500g,31,240,CUST046,South,ORD12843
2026-03-12,Wheat Flour 10kg,9,430,CUST029,East,ORD12844
2026-03-12,Toor Dal 1kg,14,160,CUST035,South,ORD12845
2026-03-12,Milk Powder 500g,9,275,CUST029,West,ORD12846
2026-03-12,Spice Mix Pack,22,95,CUST052,South,ORD12847
2026-03-13,Basmati Rice 5kg,13,520,CUST013,East,ORD12848
2026-03-13,Wheat Flour 10kg,12,430,CUST018,East,ORD12849
2026-03-13,Toor Dal 1kg,28,160,CUST026,East,ORD12850
2026-03-13,Detergent Powder 2kg,11,310,CUST033,East,ORD12851
2026-03-13,Milk Powder 500g,10,275,CUST016,North,ORD12852
2026-03-14,Wheat Flour 10kg,11,430,CUST058,North,ORD12853
2026-03-14,Toor Dal 1kg,36,160,CUST018,West,ORD12854
2026-03-14,Detergent Powder 2kg,10,310,CUST005,South,ORD12855
2026-03-15,Spice Mix Pack,35,95,CUST046,East,ORD12856
2026-03-16,Basmati Rice 5kg,15,520,CUST022,North,ORD12857
2026-03-16,Sunflower Oil 1L,24,185,CUST041,East,ORD12858
2026-03-16,Wheat Flour 10kg,9,430,CUST040,East,ORD12859
2026-03-16,Toor Dal 1kg,23,160,CUST032,West,ORD12860
2026-03-16,Spice Mix Pack,22,95,CUST032,West,ORD12861
2026-03-17,Tea Powder 500g,5,240,CUST006,South,ORD12862
2026-03-17,Toor Dal 1kg,33,160,CUST029,East,ORD12863
2026-03-17,Spice Mix Pack,28,95,CUST021,East,ORD12864
2026-03-18,Sunflower Oil 1L,19,185,CUST019,South,ORD12865
2026-03-18,Tea Powder 500g,18,240,CUST008,North,ORD12866
2026-03-18,Toor Dal 1kg,24,160,CUST041,East,ORD12867
2026-03-18,Milk Powder 500g,11,275,CUST017,South,ORD12868
2026-03-19,Basmati Rice 5kg,13,520,CUST022,East,ORD12869
2026-03-19,Sunflower Oil 1L,19,185,CUST032,East,ORD12870
2026-03-19,Toor Dal 1kg,27,160,CUST054,West,ORD12871
2026-03-19,Detergent Powder 2kg,12,310,CUST028,North,ORD12872
2026-03-19,Milk Powder 500g,13,275,CUST060,East,ORD12873
2026-03-19,Spice Mix Pack,27,95,CUST051,East,ORD12874
2026-03-20,Basmati Rice 5kg,14,520,CUST042,South,ORD12875
2026-03-20,Tea Powder 500g,26,240,CUST046,West,ORD12876
2026-03-20,Wheat Flour 10kg,6,430,CUST004,North,ORD12877
2026-03-20,Milk Powder 500g,16,275,CUST043,West,ORD12878
2026-03-20,Spice Mix Pack,30,95,CUST051,West,ORD12879
2026-03-21,Basmati Rice 5kg,11,520,CUST018,West,ORD12880
2026-03-21,Sunflower Oil 1L,34,185,CUST013,South,ORD12881
2026-03-21,Toor Dal 1kg,19,160,CUST008,South,ORD12882
2026-03-21,Detergent Powder 2kg,17,310,CUST044,South,ORD12883
2026-03-21,Milk Powder 500g,16,275,CUST050,North,ORD12884
2026-03-22,Sunflower Oil 1L,31,185,CUST013,South,ORD12885
2026-03-22,Toor Dal 1kg,23,160,CUST030,North,ORD12886
2026-03-22,Detergent Powder 2kg,13,310,CUST031,West,ORD12887
2026-03-22,Milk Powder 500g,7,275,CUST040,East,ORD12888
2026-03-22,Spice Mix Pack,30,95,CUST047,South,ORD12889
2026-03-23,Basmati Rice 5kg,13,520,CUST048,East,ORD12890
2026-03-23,Sunflower Oil 1L,25,185,CUST029,South,ORD12891
2026-03-23,Wheat Flour 10kg,11,430,CUST040,North,ORD12892
2026-03-23,Spice Mix Pack,21,95,CUST044,East,ORD12893
2026-03-24,Sunflower Oil 1L,23,185,CUST029,North,ORD12894
2026-03-24,Tea Powder 500g,21,240,CUST006,West,ORD12895
2026-03-24,Wheat Flour 10kg,10,430,CUST039,South,ORD12896
2026-03-24,Toor Dal 1kg,21,160,CUST049,East,ORD12897
2026-03-24,Milk Powder 500g,14,275,CUST058,West,ORD12898
2026-03-24,Spice Mix Pack,27,95,CUST057,West,ORD12899
2026-03-25,Basmati Rice 5kg,10,520,CUST007,East,ORD12900
2026-03-25,Sunflower Oil 1L,26,185,CUST045,South,ORD12901
2026-03-25,Toor Dal 1kg,21,160,CUST043,East,ORD12902
2026-03-25,Detergent Powder 2kg,14,310,CUST037,West,ORD12903
2026-03-26,Basmati Rice 5kg,11,520,CUST048,East,ORD12904
2026-03-26,Sunflower Oil 1L,20,185,CUST018,South,ORD12905
2026-03-26,Tea Powder 500g,18,240,CUST034,East,ORD12906
2026-03-26,Wheat Flour 10kg,10,430,CUST052,North,ORD12907
2026-03-26,Toor Dal 1kg,21,160,CUST029,North,ORD12908
2026-03-26,Milk Powder 500g,8,275,CUST009,East,ORD12909
2026-03-26,Spice Mix Pack,25,95,CUST032,West,ORD12910
2026-03-27,Sunflower Oil 1L,22,185,CUST032,South,ORD12911
2026-03-27,Tea Powder 500g,20,240,CUST058,West,ORD12912
2026-03-27,Wheat Flour 10kg,12,430,CUST012,South,ORD12913
2026-03-27,Toor Dal 1kg,21,160,CUST046,North,ORD12914
2026-03-27,Detergent Powder 2kg,11,310,CUST028,South,ORD12915
2026-03-27,Milk Powder 500g,14,275,CUST010,North,ORD12916
2026-03-27,Spice Mix Pack,22,95,CUST050,East,ORD12917
2026-03-28,Sunflower Oil 1L,37,185,CUST009,South,ORD12918
2026-03-28,Tea Powder 500g,25,240,CUST043,South,ORD12919
2026-03-28,Toor Dal 1kg,30,160,CUST039,South,ORD12920
2026-03-28,Milk Powder 500g,17,275,CUST060,East,ORD12921
2026-03-29,Basmati Rice 5kg,12,520,CUST043,West,ORD12922
2026-03-29,Sunflower Oil 1L,28,185,CUST042,East,ORD12923
2026-03-29,Tea Powder 500g,26,240,CUST030,East,ORD12924
2026-03-29,Toor Dal 1kg,21,160,CUST033,North,ORD12925
2026-03-29,Milk Powder 500g,16,275,CUST043,South,ORD12926
2026-03-29,Spice Mix Pack,32,95,CUST041,East,ORD12927
2026-03-30,Basmati Rice 5kg,10,520,CUST036,West,ORD12928
2026-03-30,Sunflower Oil 1L,16,185,CUST001,East,ORD12929
2026-03-30,Tea Powder 500g,11,240,CUST031,East,ORD12930
2026-03-30,Toor Dal 1kg,21,160,CUST029,East,ORD12931
2026-03-30,Detergent Powder 2kg,12,310,CUST024,North,ORD12932
2026-03-30,Milk Powder 500g,14,275,CUST022,West,ORD12933
2026-03-31,Basmati Rice 5kg,10,520,CUST040,West,ORD12934
2026-03-31,Wheat Flour 10kg,10,430,CUST033,North,ORD12935
2026-03-31,Toor Dal 1kg,16,160,CUST027,East,ORD12936
2026-03-31,Detergent Powder 2kg,15,310,CUST011,South,ORD12937
2026-03-31,Milk Powder 500g,12,275,CUST047,North,ORD12938
2026-03-31,Spice Mix Pack,35,95,CUST035,West,ORD12939
2026-04-01,Sunflower Oil 1L,30,185,CUST057,North,ORD12940
2026-04-01,Toor Dal 1kg,25,160,CUST026,South,ORD12941
2026-04-01,Detergent Powder 2kg,13,310,CUST019,East,ORD12942
2026-04-01,Milk Powder 500g,10,275,CUST020,West,ORD12943
2026-04-01,Spice Mix Pack,31,95,CUST050,North,ORD12944
2026-04-02,Basmati Rice 5kg,9,520,CUST043,South,ORD12945
2026-04-02,Tea Powder 500g,24,240,CUST024,North,ORD12946
2026-04-02,Toor Dal 1kg,27,160,CUST021,North,ORD12947
2026-04-02,Milk Powder 500g,13,275,CUST016,East,ORD12948
2026-04-02,Spice Mix Pack,31,95,CUST044,South,ORD12949
2026-04-03,Sunflower Oil 1L,27,185,CUST052,West,ORD12950
2026-04-03,Tea Powder 500g,23,240,CUST024,West,ORD12951
2026-04-03,Wheat Flour 10kg,9,430,CUST024,East,ORD12952
2026-04-03,Detergent Powder 2kg,15,310,CUST027,West,ORD12953
2026-04-03,Milk Powder 500g,12,275,CUST016,West,ORD12954
2026-04-04,Sunflower Oil 1L,41,185,CUST020,South,ORD12955
2026-04-04,Tea Powder 500g,17,240,CUST004,North,ORD12956
2026-04-04,Spice Mix Pack,38,95,CUST057,East,ORD12957
2026-04-05,Basmati Rice 5kg,11,520,CUST058,West,ORD12958
2026-04-05,Sunflower Oil 1L,40,185,CUST015,East,ORD12959
2026-04-05,Toor Dal 1kg,36,160,CUST033,East,ORD12960
2026-04-05,Detergent Powder 2kg,19,310,CUST014,West,ORD12961
2026-04-05,Milk Powder 500g,16,275,CUST039,West,ORD12962
2026-04-05,Spice Mix Pack,30,95,CUST030,East,ORD12963
2026-04-06,Basmati Rice 5kg,11,520,CUST012,East,ORD12964
2026-04-06,Tea Powder 500g,15,240,CUST046,North,ORD12965
2026-04-06,Wheat Flour 10kg,8,430,CUST032,West,ORD12966
2026-04-06,Toor Dal 1kg,20,160,CUST018,East,ORD12967
2026-04-06,Detergent Powder 2kg,12,310,CUST003,North,ORD12968
2026-04-06,Milk Powder 500g,13,275,CUST027,North,ORD12969
2026-04-06,Spice Mix Pack,32,95,CUST049,East,ORD12970
2026-04-07,Basmati Rice 5kg,14,520,CUST005,South,ORD12971
2026-04-07,Sunflower Oil 1L,22,185,CUST055,West,ORD12972
2026-04-07,Tea Powder 500g,22,240,CUST009,North,ORD12973
2026-04-07,Detergent Powder 2kg,13,310,CUST010,East,ORD12974
2026-04-07,Milk Powder 500g,13,275,CUST011,West,ORD12975
2026-04-07,Spice Mix Pack,29,95,CUST023,North,ORD12976
2026-04-08,Sunflower Oil 1L,28,185,CUST023,South,ORD12977
2026-04-08,Detergent Powder 2kg,15,310,CUST055,East,ORD12978
2026-04-08,Milk Powder 500g,11,275,CUST058,East,ORD12979
2026-04-09,Basmati Rice 5kg,11,520,CUST026,West,ORD12980
2026-04-09,Sunflower Oil 1L,31,185,CUST049,South,ORD12981
2026-04-09,Wheat Flour 10kg,7,430,CUST044,South,ORD12982
2026-04-09,Toor Dal 1kg,23,160,CUST042,East,ORD12983
2026-04-09,Detergent Powder 2kg,12,310,CUST010,North,ORD12984
2026-04-09,Milk Powder 500g,10,275,CUST059,West,ORD12985
2026-04-09,Spice Mix Pack,18,95,CUST051,West,ORD12986
2026-04-10,Basmati Rice 5kg,12,520,CUST052,East,ORD12987
2026-04-10,Wheat Flour 10kg,10,430,CUST007,South,ORD12988
2026-04-10,Toor Dal 1kg,30,160,CUST046,West,ORD12989
2026-04-10,Detergent Powder 2kg,12,310,CUST025,West,ORD12990
2026-04-10,Milk Powder 500g,9,275,CUST050,East,ORD12991
2026-04-10,Spice Mix Pack,29,95,CUST014,East,ORD12992
2026-04-11,Wheat Flour 10kg,11,430,CUST004,South,ORD12993
2026-04-11,Toor Dal 1kg,29,160,CUST006,West,ORD12994
2026-04-11,Detergent Powder 2kg,16,310,CUST059,South,ORD12995
2026-04-11,Milk Powder 500g,13,275,CUST044,East,ORD12996
2026-04-11,Spice Mix Pack,37,95,CUST008,North,ORD12997
2026-04-12,Basmati Rice 5kg,18,520,CUST026,West,ORD12998
2026-04-12,Sunflower Oil 1L,29,185,CUST028,North,ORD12999
2026-04-12,Tea Powder 500g,18,240,CUST003,North,ORD13000
2026-04-12,Milk Powder 500g,10,275,CUST014,North,ORD13001
2026-04-12,Spice Mix Pack,40,95,CUST038,South,ORD13002
2026-04-13,Toor Dal 1kg,26,160,CUST038,North,ORD13003
2026-04-13,Milk Powder 500g,14,275,CUST057,East,ORD13004
2026-04-13,Spice Mix Pack,23,95,CUST010,West,ORD13005
2026-04-14,Tea Powder 500g,13,240,CUST008,West,ORD13006
2026-04-14,Toor Dal 1kg,21,160,CUST015,West,ORD13007
2026-04-14,Detergent Powder 2kg,10,310,CUST003,North,ORD13008
2026-04-14,Milk Powder 500g,12,275,CUST016,South,ORD13009
2026-04-14,Spice Mix Pack,18,95,CUST045,East,ORD13010
2026-04-15,Sunflower Oil 1L,40,185,CUST051,North,ORD13011
2026-04-15,Tea Powder 500g,16,240,CUST024,West,ORD13012
2026-04-15,Wheat Flour 10kg,13,430,CUST016,North,ORD13013
2026-04-15,Toor Dal 1kg,17,160,CUST048,North,ORD13014
2026-04-15,Detergent Powder 2kg,22,310,CUST055,West,ORD13015
2026-04-15,Milk Powder 500g,13,275,CUST022,West,ORD13016
2026-04-15,Spice Mix Pack,26,95,CUST007,North,ORD13017
2026-04-16,Basmati Rice 5kg,10,520,CUST043,South,ORD13018
2026-04-16,Sunflower Oil 1L,37,185,CUST059,East,ORD13019
2026-04-16,Detergent Powder 2kg,12,310,CUST042,North,ORD13020
2026-04-16,Milk Powder 500g,6,275,CUST006,South,ORD13021
2026-04-16,Spice Mix Pack,27,95,CUST014,West,ORD13022
2026-04-17,Sunflower Oil 1L,28,185,CUST040,East,ORD13023
2026-04-17,Wheat Flour 10kg,4,430,CUST049,South,ORD13024
2026-04-17,Toor Dal 1kg,22,160,CUST004,East,ORD13025
2026-04-17,Detergent Powder 2kg,22,310,CUST013,South,ORD13026
2026-04-17,Spice Mix Pack,28,95,CUST021,West,ORD13027
2026-04-18,Sunflower Oil 1L,48,185,CUST040,West,ORD13028
2026-04-18,Wheat Flour 10kg,19,430,CUST042,West,ORD13029
2026-04-18,Toor Dal 1kg,23,160,CUST034,West,ORD13030
2026-04-18,Detergent Powder 2kg,24,310,CUST039,East,ORD13031
2026-04-18,Spice Mix Pack,39,95,CUST004,West,ORD13032
2026-04-19,Sunflower Oil 1L,38,185,CUST017,East,ORD13033
2026-04-19,Tea Powder 500g,23,240,CUST048,South,ORD13034
2026-04-19,Wheat Flour 10kg,10,430,CUST010,West,ORD13035
2026-04-19,Toor Dal 1kg,28,160,CUST048,North,ORD13036
2026-04-19,Detergent Powder 2kg,19,310,CUST034,West,ORD13037
2026-04-19,Spice Mix Pack,39,95,CUST019,North,ORD13038
2026-04-20,Basmati Rice 5kg,12,520,CUST046,West,ORD13039
2026-04-20,Tea Powder 500g,12,240,CUST013,North,ORD13040
2026-04-20,Wheat Flour 10kg,12,430,CUST016,North,ORD13041
2026-04-20,Detergent Powder 2kg,15,310,CUST052,East,ORD13042
2026-04-20,Milk Powder 500g,11,275,CUST040,North,ORD13043
2026-04-21,Basmati Rice 5kg,10,520,CUST045,North,ORD13044
2026-04-21,Sunflower Oil 1L,33,185,CUST025,East,ORD13045
2026-04-21,Tea Powder 500g,16,240,CUST004,West,ORD13046
2026-04-21,Wheat Flour 10kg,9,430,CUST026,East,ORD13047
2026-04-21,Toor Dal 1kg,27,160,CUST050,East,ORD13048
2026-04-21,Detergent Powder 2kg,15,310,CUST002,South,ORD13049
2026-04-21,Milk Powder 500g,10,275,CUST039,West,ORD13050
2026-04-22,Basmati Rice 5kg,14,520,CUST004,South,ORD13051
2026-04-22,Tea Powder 500g,20,240,CUST003,South,ORD13052
2026-04-22,Milk Powder 500g,9,275,CUST051,West,ORD13053
2026-04-23,Basmati Rice 5kg,10,520,CUST032,South,ORD13054
2026-04-23,Tea Powder 500g,29,240,CUST020,West,ORD13055
2026-04-23,Wheat Flour 10kg,14,430,CUST013,East,ORD13056
2026-04-23,Toor Dal 1kg,22,160,CUST035,East,ORD13057
2026-04-23,Spice Mix Pack,21,95,CUST050,West,ORD13058
2026-04-24,Basmati Rice 5kg,14,520,CUST042,East,ORD13059
2026-04-24,Tea Powder 500g,21,240,CUST031,North,ORD13060
2026-04-24,Wheat Flour 10kg,9,430,CUST046,North,ORD13061
2026-04-24,Detergent Powder 2kg,21,310,CUST027,West,ORD13062
2026-04-24,Milk Powder 500g,16,275,CUST031,North,ORD13063
2026-04-25,Basmati Rice 5kg,14,520,CUST046,West,ORD13064
2026-04-25,Sunflower Oil 1L,44,185,CUST015,South,ORD13065
2026-04-25,Wheat Flour 10kg,13,430,CUST015,North,ORD13066
2026-04-25,Toor Dal 1kg,36,160,CUST019,East,ORD13067
2026-04-25,Spice Mix Pack,38,95,CUST040,West,ORD13068
2026-04-26,Basmati Rice 5kg,13,520,CUST025,West,ORD13069
2026-04-26,Toor Dal 1kg,31,160,CUST001,West,ORD13070
2026-04-27,Tea Powder 500g,17,240,CUST047,North,ORD13071
2026-04-27,Wheat Flour 10kg,9,430,CUST015,East,ORD13072
2026-04-27,Toor Dal 1kg,28,160,CUST035,North,ORD13073
2026-04-27,Detergent Powder 2kg,16,310,CUST019,West,ORD13074
2026-04-27,Milk Powder 500g,10,275,CUST011,East,ORD13075
2026-04-28,Basmati Rice 5kg,9,520,CUST045,South,ORD13076
2026-04-28,Sunflower Oil 1L,26,185,CUST031,North,ORD13077
2026-04-28,Tea Powder 500g,19,240,CUST028,East,ORD13078
2026-04-28,Wheat Flour 10kg,7,430,CUST039,South,ORD13079
2026-04-28,Toor Dal 1kg,16,160,CUST048,South,ORD13080
2026-04-28,Detergent Powder 2kg,16,310,CUST011,South,ORD13081
2026-04-28,Spice Mix Pack,30,95,CUST040,West,ORD13082
2026-04-29,Sunflower Oil 1L,27,185,CUST037,East,ORD13083
2026-04-29,Toor Dal 1kg,20,160,CUST035,East,ORD13084
2026-04-29,Milk Powder 500g,10,275,CUST015,South,ORD13085
2026-04-29,Spice Mix Pack,32,95,CUST019,North,ORD13086
2026-04-30,Basmati Rice 5kg,15,520,CUST029,North,ORD13087
2026-04-30,Tea Powder 500g,25,240,CUST037,North,ORD13088
2026-04-30,Toor Dal 1kg,23,160,CUST011,South,ORD13089
2026-04-30,Milk Powder 500g,12,275,CUST013,West,ORD13090
2026-04-30,Spice Mix Pack,16,95,CUST005,East,ORD13091
2026-05-01,Tea Powder 500g,26,240,CUST048,North,ORD13092
2026-05-01,Wheat Flour 10kg,10,430,CUST021,South,ORD13093
2026-05-01,Toor Dal 1kg,26,160,CUST028,North,ORD13094
2026-05-02,Basmati Rice 5kg,12,520,CUST003,East,ORD13095
2026-05-02,Sunflower Oil 1L,63,185,CUST013,North,ORD13096
2026-05-02,Tea Powder 500g,29,240,CUST015,East,ORD13097
2026-05-02,Wheat Flour 10kg,12,430,CUST027,East,ORD13098
2026-05-02,Detergent Powder 2kg,19,310,CUST037,South,ORD13099
2026-05-02,Spice Mix Pack,58,95,CUST049,South,ORD13100
2026-05-03,Basmati Rice 5kg,14,520,CUST046,North,ORD13101
2026-05-03,Sunflower Oil 1L,37,185,CUST028,East,ORD13102
2026-05-03,Wheat Flour 10kg,10,430,CUST004,South,ORD13103
2026-05-03,Detergent Powder 2kg,17,310,CUST039,East,ORD13104
2026-05-03,Spice Mix Pack,48,95,CUST001,North,ORD13105
2026-05-04,Basmati Rice 5kg,16,520,CUST017,South,ORD13106
2026-05-04,Tea Powder 500g,21,240,CUST002,South,ORD13107
2026-05-04,Wheat Flour 10kg,13,430,CUST009,East,ORD13108
2026-05-04,Toor Dal 1kg,22,160,CUST011,East,ORD13109
2026-05-04,Milk Powder 500g,9,275,CUST012,East,ORD13110
2026-05-05,Basmati Rice 5kg,13,520,CUST007,East,ORD13111
2026-05-05,Wheat Flour 10kg,13,430,CUST049,North,ORD13112
2026-05-05,Detergent Powder 2kg,16,310,CUST024,South,ORD13113
2026-05-05,Milk Powder 500g,14,275,CUST002,East,ORD13114
2026-05-06,Wheat Flour 10kg,10,430,CUST038,South,ORD13115
2026-05-06,Toor Dal 1kg,21,160,CUST033,East,ORD13116
2026-05-06,Milk Powder 500g,16,275,CUST013,North,ORD13117
2026-05-06,Spice Mix Pack,33,95,CUST040,East,ORD13118
2026-05-07,Basmati Rice 5kg,13,520,CUST019,North,ORD13119
2026-05-07,Sunflower Oil 1L,45,185,CUST022,West,ORD13120
2026-05-07,Tea Powder 500g,20,240,CUST046,South,ORD13121
2026-05-07,Wheat Flour 10kg,11,430,CUST040,South,ORD13122
2026-05-07,Toor Dal 1kg,36,160,CUST047,North,ORD13123
2026-05-07,Detergent Powder 2kg,18,310,CUST046,North,ORD13124
2026-05-07,Milk Powder 500g,11,275,CUST004,East,ORD13125
2026-05-07,Spice Mix Pack,33,95,CUST008,South,ORD13126
2026-05-08,Basmati Rice 5kg,15,520,CUST045,East,ORD13127
2026-05-08,Wheat Flour 10kg,7,430,CUST050,East,ORD13128
2026-05-08,Toor Dal 1kg,30,160,CUST005,North,ORD13129
2026-05-08,Milk Powder 500g,9,275,CUST001,West,ORD13130
2026-05-08,Spice Mix Pack,37,95,CUST002,East,ORD13131
2026-05-09,Wheat Flour 10kg,13,430,CUST048,South,ORD13132
2026-05-09,Toor Dal 1kg,34,160,CUST040,South,ORD13133
2026-05-09,Milk Powder 500g,17,275,CUST049,South,ORD13134
2026-05-10,Sunflower Oil 1L,41,185,CUST044,East,ORD13135
2026-05-10,Wheat Flour 10kg,12,430,CUST038,South,ORD13136
2026-05-10,Toor Dal 1kg,26,160,CUST026,West,ORD13137
2026-05-10,Milk Powder 500g,12,275,CUST035,East,ORD13138
2026-05-11,Basmati Rice 5kg,12,520,CUST040,South,ORD13139
2026-05-11,Sunflower Oil 1L,18,185,CUST042,East,ORD13140
2026-05-11,Wheat Flour 10kg,10,430,CUST026,East,ORD13141
2026-05-11,Milk Powder 500g,12,275,CUST025,North,ORD13142
2026-05-12,Basmati Rice 5kg,7,520,CUST031,South,ORD13143
2026-05-12,Sunflower Oil 1L,34,185,CUST003,East,ORD13144
2026-05-12,Tea Powder 500g,23,240,CUST035,West,ORD13145
2026-05-12,Wheat Flour 10kg,11,430,CUST022,North,ORD13146
2026-05-12,Detergent Powder 2kg,17,310,CUST029,South,ORD13147
2026-05-13,Tea Powder 500g,19,240,CUST028,North,ORD13148
2026-05-13,Milk Powder 500g,17,275,CUST030,East,ORD13149
2026-05-14,Basmati Rice 5kg,11,520,CUST038,South,ORD13150
2026-05-14,Toor Dal 1kg,29,160,CUST019,South,ORD13151
2026-05-14,Milk Powder 500g,14,275,CUST009,North,ORD13152
2026-05-15,Sunflower Oil 1L,29,185,CUST003,West,ORD13153
2026-05-15,Wheat Flour 10kg,8,430,CUST042,South,ORD13154
2026-05-15,Toor Dal 1kg,38,160,CUST011,North,ORD13155
2026-05-15,Detergent Powder 2kg,22,310,CUST028,North,ORD13156
2026-05-15,Spice Mix Pack,31,95,CUST035,West,ORD13157
2026-05-16,Basmati Rice 5kg,18,520,CUST031,West,ORD13158
2026-05-16,Sunflower Oil 1L,41,185,CUST022,West,ORD13159
2026-05-16,Toor Dal 1kg,24,160,CUST031,North,ORD13160
2026-05-16,Detergent Powder 2kg,14,310,CUST022,East,ORD13161
2026-05-16,Milk Powder 500g,19,275,CUST050,South,ORD13162
2026-05-16,Spice Mix Pack,40,95,CUST032,East,ORD13163
2026-05-17,Basmati Rice 5kg,12,520,CUST045,North,ORD13164
2026-05-17,Sunflower Oil 1L,42,185,CUST029,East,ORD13165
2026-05-17,Detergent Powder 2kg,17,310,CUST031,South,ORD13166
2026-05-17,Milk Powder 500g,17,275,CUST025,West,ORD13167
2026-05-17,Spice Mix Pack,31,95,CUST021,East,ORD13168
2026-05-18,Sunflower Oil 1L,23,185,CUST022,West,ORD13169
2026-05-18,Wheat Flour 10kg,9,430,CUST028,South,ORD13170
2026-05-18,Spice Mix Pack,31,95,CUST041,East,ORD13171
2026-05-19,Basmati Rice 5kg,17,520,CUST018,West,ORD13172
2026-05-19,Sunflower Oil 1L,31,185,CUST028,East,ORD13173
2026-05-19,Tea Powder 500g,17,240,CUST035,North,ORD13174
2026-05-19,Wheat Flour 10kg,14,430,CUST031,West,ORD13175
2026-05-19,Detergent Powder 2kg,15,310,CUST004,South,ORD13176
2026-05-19,Milk Powder 500g,15,275,CUST046,East,ORD13177
2026-05-19,Spice Mix Pack,30,95,CUST048,South,ORD13178
2026-05-20,Basmati Rice 5kg,14,520,CUST026,North,ORD13179
2026-05-20,Toor Dal 1kg,21,160,CUST028,West,ORD13180
2026-05-20,Detergent Powder 2kg,15,310,CUST033,West,ORD13181
2026-05-20,Milk Powder 500g,12,275,CUST046,East,ORD13182
2026-05-20,Spice Mix Pack,33,95,CUST044,South,ORD13183
2026-05-21,Basmati Rice 5kg,15,520,CUST044,North,ORD13184
2026-05-21,Sunflower Oil 1L,44,185,CUST043,East,ORD13185
2026-05-21,Wheat Flour 10kg,9,430,CUST043,South,ORD13186
2026-05-21,Toor Dal 1kg,17,160,CUST010,South,ORD13187
2026-05-21,Milk Powder 500g,13,275,CUST040,East,ORD13188
2026-05-22,Basmati Rice 5kg,13,520,CUST001,East,ORD13189
2026-05-22,Sunflower Oil 1L,37,185,CUST008,East,ORD13190
2026-05-22,Wheat Flour 10kg,9,430,CUST004,East,ORD13191
2026-05-22,Toor Dal 1kg,26,160,CUST041,North,ORD13192
2026-05-22,Detergent Powder 2kg,7,310,CUST030,South,ORD13193
2026-05-22,Milk Powder 500g,16,275,CUST049,East,ORD13194
2026-05-23,Wheat Flour 10kg,14,430,CUST015,South,ORD13195
2026-05-23,Toor Dal 1kg,40,160,CUST001,North,ORD13196
2026-05-23,Detergent Powder 2kg,28,310,CUST046,North,ORD13197
2026-05-24,Basmati Rice 5kg,18,520,CUST027,West,ORD13198
2026-05-24,Sunflower Oil 1L,27,185,CUST045,West,ORD13199
2026-05-24,Toor Dal 1kg,28,160,CUST034,East,ORD13200
2026-05-24,Milk Powder 500g,12,275,CUST028,North,ORD13201
2026-05-24,Spice Mix Pack,47,95,CUST012,North,ORD13202
2026-05-25,Wheat Flour 10kg,6,430,CUST006,South,ORD13203
2026-05-25,Toor Dal 1kg,22,160,CUST027,North,ORD13204
2026-05-25,Milk Powder 500g,15,275,CUST039,North,ORD13205
2026-05-25,Spice Mix Pack,42,95,CUST026,West,ORD13206
2026-05-26,Basmati Rice 5kg,18,520,CUST043,North,ORD13207
2026-05-26,Wheat Flour 10kg,10,430,CUST031,South,ORD13208
2026-05-26,Milk Powder 500g,5,275,CUST041,North,ORD13209
2026-05-26,Spice Mix Pack,34,95,CUST026,South,ORD13210
2026-05-27,Basmati Rice 5kg,15,520,CUST004,North,ORD13211
2026-05-27,Tea Powder 500g,15,240,CUST005,West,ORD13212
2026-05-27,Wheat Flour 10kg,12,430,CUST030,West,ORD13213
2026-05-27,Toor Dal 1kg,24,160,CUST011,South,ORD13214
2026-05-27,Detergent Powder 2kg,15,310,CUST014,North,ORD13215
2026-05-27,Spice Mix Pack,39,95,CUST021,West,ORD13216
2026-05-28,Sunflower Oil 1L,36,185,CUST013,North,ORD13217
2026-05-28,Tea Powder 500g,31,240,CUST035,West,ORD13218
2026-05-28,Wheat Flour 10kg,13,430,CUST003,East,ORD13219
2026-05-28,Toor Dal 1kg,34,160,CUST018,West,ORD13220
2026-05-28,Detergent Powder 2kg,16,310,CUST016,North,ORD13221
2026-05-28,Milk Powder 500g,18,275,CUST003,North,ORD13222
2026-05-28,Spice Mix Pack,26,95,CUST034,North,ORD13223
2026-05-29,Basmati Rice 5kg,17,520,CUST025,North,ORD13224
2026-05-29,Sunflower Oil 1L,32,185,CUST018,West,ORD13225
2026-05-29,Milk Powder 500g,18,275,CUST046,North,ORD13226
2026-05-29,Spice Mix Pack,36,95,CUST043,East,ORD13227
2026-05-30,Basmati Rice 5kg,18,520,CUST003,North,ORD13228
2026-05-30,Sunflower Oil 1L,51,185,CUST029,East,ORD13229
2026-05-30,Tea Powder 500g,31,240,CUST009,North,ORD13230
2026-05-30,Toor Dal 1kg,32,160,CUST041,East,ORD13231
2026-05-30,Detergent Powder 2kg,18,310,CUST046,North,ORD13232
2026-05-30,Spice Mix Pack,22,95,CUST005,West,ORD13233
2026-05-31,Tea Powder 500g,27,240,CUST001,East,ORD13234
2026-05-31,Toor Dal 1kg,29,160,CUST025,West,ORD13235
2026-05-31,Detergent Powder 2kg,17,310,CUST003,West,ORD13236
2026-05-31,Milk Powder 500g,22,275,CUST001,West,ORD13237
2026-06-01,Basmati Rice 5kg,10,520,CUST027,East,ORD13238
2026-06-01,Wheat Flour 10kg,8,430,CUST025,North,ORD13239
2026-06-01,Detergent Powder 2kg,14,310,CUST033,South,ORD13240
2026-06-01,Milk Powder 500g,11,275,CUST048,South,ORD13241
2026-06-01,Spice Mix Pack,21,95,CUST017,North,ORD13242
2026-06-02,Basmati Rice 5kg,12,520,CUST025,West,ORD13243
2026-06-02,Sunflower Oil 1L,33,185,CUST004,South,ORD13244
2026-06-02,Wheat Flour 10kg,9,430,CUST046,East,ORD13245
2026-06-02,Detergent Powder 2kg,9,310,CUST025,East,ORD13246
2026-06-02,Milk Powder 500g,15,275,CUST005,West,ORD13247
2026-06-02,Spice Mix Pack,29,95,CUST013,North,ORD13248
2026-06-03,Wheat Flour 10kg,11,430,CUST032,East,ORD13249
2026-06-03,Toor Dal 1kg,21,160,CUST017,North,ORD13250
2026-06-03,Detergent Powder 2kg,12,310,CUST007,East,ORD13251
2026-06-03,Spice Mix Pack,35,95,CUST046,North,ORD13252
2026-06-04,Basmati Rice 5kg,7,520,CUST019,West,ORD13253
2026-06-04,Tea Powder 500g,18,240,CUST038,East,ORD13254
2026-06-04,Toor Dal 1kg,29,160,CUST045,North,ORD13255
2026-06-04,Detergent Powder 2kg,12,310,CUST002,South,ORD13256
2026-06-04,Milk Powder 500g,9,275,CUST034,North,ORD13257
2026-06-05,Sunflower Oil 1L,17,185,CUST045,North,ORD13258
2026-06-05,Tea Powder 500g,24,240,CUST043,East,ORD13259
2026-06-05,Detergent Powder 2kg,14,310,CUST028,South,ORD13260
2026-06-05,Milk Powder 500g,24,275,CUST017,South,ORD13261
2026-06-05,Spice Mix Pack,37,95,CUST007,South,ORD13262
2026-06-06,Basmati Rice 5kg,17,520,CUST044,South,ORD13263
2026-06-06,Tea Powder 500g,23,240,CUST006,East,ORD13264
2026-06-06,Toor Dal 1kg,35,160,CUST020,North,ORD13265
2026-06-06,Detergent Powder 2kg,19,310,CUST009,South,ORD13266
2026-06-06,Milk Powder 500g,17,275,CUST025,East,ORD13267
2026-06-07,Basmati Rice 5kg,11,520,CUST021,South,ORD13268
2026-06-07,Sunflower Oil 1L,29,185,CUST007,West,ORD13269
2026-06-07,Tea Powder 500g,21,240,CUST001,East,ORD13270
2026-06-07,Detergent Powder 2kg,16,310,CUST013,South,ORD13271
2026-06-07,Milk Powder 500g,18,275,CUST010,South,ORD13272
2026-06-07,Spice Mix Pack,47,95,CUST038,East,ORD13273
2026-06-08,Sunflower Oil 1L,15,185,CUST028,East,ORD13274
2026-06-08,Tea Powder 500g,12,240,CUST007,North,ORD13275
2026-06-08,Wheat Flour 10kg,8,430,CUST022,West,ORD13276
2026-06-08,Toor Dal 1kg,15,160,CUST015,North,ORD13277
2026-06-08,Detergent Powder 2kg,12,310,CUST031,East,ORD13278
2026-06-08,Milk Powder 500g,17,275,CUST042,West,ORD13279
2026-06-09,Sunflower Oil 1L,28,185,CUST046,North,ORD13280
2026-06-09,Tea Powder 500g,14,240,CUST042,North,ORD13281
2026-06-09,Wheat Flour 10kg,6,430,CUST007,West,ORD13282
2026-06-09,Detergent Powder 2kg,14,310,CUST043,East,ORD13283
2026-06-09,Milk Powder 500g,16,275,CUST034,North,ORD13284
2026-06-10,Wheat Flour 10kg,8,430,CUST009,South,ORD13285
2026-06-10,Toor Dal 1kg,29,160,CUST038,North,ORD13286
2026-06-10,Spice Mix Pack,23,95,CUST007,North,ORD13287
2026-06-11,Wheat Flour 10kg,5,430,CUST024,East,ORD13288
2026-06-11,Milk Powder 500g,15,275,CUST001,South,ORD13289
2026-06-11,Spice Mix Pack,35,95,CUST001,North,ORD13290
2026-06-12,Basmati Rice 5kg,18,520,CUST014,South,ORD13291
2026-06-12,Sunflower Oil 1L,27,185,CUST026,East,ORD13292
2026-06-12,Tea Powder 500g,22,240,CUST034,North,ORD13293
2026-06-12,Detergent Powder 2kg,13,310,CUST040,West,ORD13294
2026-06-13,Basmati Rice 5kg,16,520,CUST048,South,ORD13295
2026-06-13,Sunflower Oil 1L,29,185,CUST001,East,ORD13296
2026-06-13,Tea Powder 500g,25,240,CUST002,East,ORD13297
2026-06-13,Wheat Flour 10kg,12,430,CUST046,North,ORD13298
2026-06-13,Toor Dal 1kg,28,160,CUST040,North,ORD13299
2026-06-13,Milk Powder 500g,24,275,CUST048,West,ORD13300
2026-06-13,Spice Mix Pack,38,95,CUST008,East,ORD13301
2026-06-14,Wheat Flour 10kg,13,430,CUST020,South,ORD13302
2026-06-14,Toor Dal 1kg,20,160,CUST019,East,ORD13303
2026-06-15,Basmati Rice 5kg,12,520,CUST038,South,ORD13304
2026-06-15,Wheat Flour 10kg,11,430,CUST028,North,ORD13305
2026-06-15,Toor Dal 1kg,18,160,CUST040,East,ORD13306
2026-06-15,Detergent Powder 2kg,9,310,CUST037,South,ORD13307
2026-06-15,Spice Mix Pack,27,95,CUST006,East,ORD13308
2026-06-16,Wheat Flour 10kg,7,430,CUST043,North,ORD13309
2026-06-16,Spice Mix Pack,32,95,CUST038,South,ORD13310
2026-06-17,Basmati Rice 5kg,11,520,CUST028,East,ORD13311
2026-06-17,Tea Powder 500g,24,240,CUST045,North,ORD13312
2026-06-17,Wheat Flour 10kg,10,430,CUST024,West,ORD13313
2026-06-17,Toor Dal 1kg,23,160,CUST014,East,ORD13314
2026-06-17,Detergent Powder 2kg,11,310,CUST040,East,ORD13315
2026-06-17,Milk Powder 500g,19,275,CUST047,East,ORD13316
2026-06-17,Spice Mix Pack,25,95,CUST015,East,ORD13317
2026-06-18,Basmati Rice 5kg,15,520,CUST034,East,ORD13318
2026-06-18,Sunflower Oil 1L,40,185,CUST007,North,ORD13319
2026-06-18,Tea Powder 500g,22,240,CUST014,South,ORD13320
2026-06-18,Detergent Powder 2kg,12,310,CUST035,North,ORD13321
2026-06-18,Spice Mix Pack,21,95,CUST020,East,ORD13322
2026-06-19,Toor Dal 1kg,29,160,CUST047,West,ORD13323
2026-06-19,Detergent Powder 2kg,5,310,CUST037,East,ORD13324
2026-06-19,Milk Powder 500g,21,275,CUST043,South,ORD13325
2026-06-20,Sunflower Oil 1L,35,185,CUST013,North,ORD13326
2026-06-20,Tea Powder 500g,23,240,CUST002,South,ORD13327
2026-06-20,Toor Dal 1kg,36,160,CUST015,North,ORD13328
2026-06-20,Detergent Powder 2kg,21,310,CUST001,North,ORD13329
2026-06-21,Basmati Rice 5kg,12,520,CUST017,South,ORD13330
2026-06-21,Wheat Flour 10kg,18,430,CUST039,West,ORD13331
2026-06-21,Spice Mix Pack,33,95,CUST042,South,ORD13332
2026-06-22,Basmati Rice 5kg,6,520,CUST028,East,ORD13333
2026-06-22,Sunflower Oil 1L,29,185,CUST024,West,ORD13334
2026-06-22,Detergent Powder 2kg,9,310,CUST010,South,ORD13335
2026-06-23,Sunflower Oil 1L,20,185,CUST017,East,ORD13336
2026-06-23,Tea Powder 500g,18,240,CUST031,South,ORD13337
2026-06-23,Wheat Flour 10kg,13,430,CUST020,South,ORD13338
2026-06-23,Toor Dal 1kg,21,160,CUST013,North,ORD13339
2026-06-23,Detergent Powder 2kg,11,310,CUST037,North,ORD13340
2026-06-23,Milk Powder 500g,17,275,CUST033,East,ORD13341
2026-06-23,Spice Mix Pack,23,95,CUST014,West,ORD13342
2026-06-24,Basmati Rice 5kg,10,520,CUST044,East,ORD13343
2026-06-24,Tea Powder 500g,15,240,CUST023,South,ORD13344
2026-06-24,Toor Dal 1kg,28,160,CUST037,West,ORD13345
2026-06-25,Basmati Rice 5kg,11,520,CUST028,South,ORD13346
2026-06-25,Milk Powder 500g,12,275,CUST021,West,ORD13347
2026-06-26,Sunflower Oil 1L,33,185,CUST046,North,ORD13348
2026-06-26,Wheat Flour 10kg,8,430,CUST022,North,ORD13349
2026-06-26,Detergent Powder 2kg,12,310,CUST016,West,ORD13350
2026-06-26,Milk Powder 500g,18,275,CUST035,North,ORD13351
2026-06-27,Wheat Flour 10kg,13,430,CUST022,North,ORD13352
2026-06-27,Detergent Powder 2kg,8,310,CUST034,West,ORD13353
2026-06-27,Milk Powder 500g,24,275,CUST010,East,ORD13354
2026-06-27,Spice Mix Pack,36,95,CUST048,East,ORD13355
2026-06-28,Basmati Rice 5kg,14,520,CUST026,North,ORD13356
2026-06-28,Tea Powder 500g,25,240,CUST008,West,ORD13357
2026-06-28,Wheat Flour 10kg,12,430,CUST031,East,ORD13358
2026-06-28,Toor Dal 1kg,31,160,CUST014,North,ORD13359
2026-06-28,Detergent Powder 2kg,11,310,CUST044,South,ORD13360
2026-06-28,Milk Powder 500g,19,275,CUST009,South,ORD13361
2026-06-29,Basmati Rice 5kg,15,520,CUST050,West,ORD13362
2026-06-29,Wheat Flour 10kg,13,430,CUST007,East,ORD13363
2026-06-29,Toor Dal 1kg,30,160,CUST032,East,ORD13364
2026-06-29,Milk Powder 500g,7,275,CUST004,South,ORD13365
2026-06-29,Spice Mix Pack,31,95,CUST019,West,ORD13366
2026-06-30,Basmati Rice 5kg,10,520,CUST036,North,ORD13367
2026-06-30,Sunflower Oil 1L,27,185,CUST014,North,ORD13368
2026-06-30,Wheat Flour 10kg,13,430,CUST013,East,ORD13369
2026-06-30,Toor Dal 1kg,26,160,CUST025,West,ORD13370
2026-06-30,Spice Mix Pack,25,95,CUST002,North,ORD13371
2026-07-01,Basmati Rice 5kg,11,520,CUST024,North,ORD13372
2026-07-01,Tea Powder 500g,22,240,CUST015,North,ORD13373
2026-07-01,Wheat Flour 10kg,10,430,CUST027,South,ORD13374
2026-07-01,Detergent Powder 2kg,10,310,CUST032,West,ORD13375
2026-07-01,Milk Powder 500g,17,275,CUST031,West,ORD13376
2026-07-02,Basmati Rice 5kg,14,520,CUST050,East,ORD13377
2026-07-02,Sunflower Oil 1L,31,185,CUST012,South,ORD13378
2026-07-02,Tea Powder 500g,20,240,CUST042,West,ORD13379
2026-07-02,Wheat Flour 10kg,10,430,CUST049,South,ORD13380
2026-07-02,Toor Dal 1kg,28,160,CUST032,West,ORD13381
2026-07-02,Spice Mix Pack,14,95,CUST024,West,ORD13382
2026-07-03,Basmati Rice 5kg,15,520,CUST030,North,ORD13383
2026-07-03,Wheat Flour 10kg,13,430,CUST009,West,ORD13384
2026-07-03,Detergent Powder 2kg,11,310,CUST043,South,ORD13385
2026-07-03,Milk Powder 500g,13,275,CUST031,North,ORD13386
2026-07-03,Spice Mix Pack,38,95,CUST047,North,ORD13387
2026-07-04,Basmati Rice 5kg,17,520,CUST045,South,ORD13388
2026-07-04,Tea Powder 500g,25,240,CUST015,East,ORD13389
2026-07-04,Toor Dal 1kg,27,160,CUST039,North,ORD13390
2026-07-04,Detergent Powder 2kg,16,310,CUST042,North,ORD13391
2026-07-04,Milk Powder 500g,24,275,CUST027,North,ORD13392
2026-07-04,Spice Mix Pack,30,95,CUST013,South,ORD13393
2026-07-05,Sunflower Oil 1L,37,185,CUST041,East,ORD13394
2026-07-05,Toor Dal 1kg,26,160,CUST004,North,ORD13395
2026-07-05,Detergent Powder 2kg,12,310,CUST004,North,ORD13396
2026-07-05,Milk Powder 500g,20,275,CUST014,West,ORD13397
2026-07-05,Spice Mix Pack,37,95,CUST048,East,ORD13398
2026-07-06,Tea Powder 500g,21,240,CUST033,North,ORD13399
2026-07-06,Detergent Powder 2kg,5,310,CUST010,West,ORD13400
2026-07-06,Spice Mix Pack,29,95,CUST015,South,ORD13401
2026-07-07,Tea Powder 500g,15,240,CUST020,East,ORD13402
2026-07-07,Detergent Powder 2kg,8,310,CUST024,South,ORD13403
2026-07-07,Milk Powder 500g,15,275,CUST029,South,ORD13404
2026-07-07,Spice Mix Pack,32,95,CUST017,West,ORD13405
2026-07-08,Tea Powder 500g,12,240,CUST017,North,ORD13406
2026-07-08,Toor Dal 1kg,20,160,CUST049,North,ORD13407
2026-07-09,Sunflower Oil 1L,28,185,CUST045,South,ORD13408
2026-07-09,Wheat Flour 10kg,9,430,CUST018,West,ORD13409
2026-07-09,Toor Dal 1kg,20,160,CUST032,East,ORD13410
2026-07-09,Milk Powder 500g,16,275,CUST039,East,ORD13411
2026-07-10,Basmati Rice 5kg,12,520,CUST011,South,ORD13412
2026-07-10,Sunflower Oil 1L,30,185,CUST004,South,ORD13413
2026-07-11,Wheat Flour 10kg,15,430,CUST021,North,ORD13414
2026-07-11,Toor Dal 1kg,30,160,CUST042,South,ORD13415
2026-07-11,Milk Powder 500g,15,275,CUST050,East,ORD13416
2026-07-11,Spice Mix Pack,37,95,CUST012,North,ORD13417
2026-07-12,Sunflower Oil 1L,37,185,CUST002,South,ORD13418
2026-07-12,Toor Dal 1kg,16,160,CUST025,South,ORD13419
2026-07-12,Detergent Powder 2kg,5,310,CUST006,North,ORD13420
2026-07-12,Spice Mix Pack,40,95,CUST003,North,ORD13421
2026-07-13,Sunflower Oil 1L,35,185,CUST029,South,ORD13422
2026-07-13,Tea Powder 500g,28,240,CUST048,East,ORD13423
2026-07-13,Detergent Powder 2kg,6,310,CUST004,East,ORD13424
2026-07-13,Spice Mix Pack,25,95,CUST023,West,ORD13425
2026-07-14,Tea Powder 500g,14,240,CUST037,North,ORD13426
2026-07-14,Toor Dal 1kg,18,160,CUST031,West,ORD13427
2026-07-14,Detergent Powder 2kg,9,310,CUST035,East,ORD13428
2026-07-14,Milk Powder 500g,15,275,CUST025,South,ORD13429
2026-07-14,Spice Mix Pack,31,95,CUST047,North,ORD13430
2026-07-15,Basmati Rice 5kg,11,520,CUST004,East,ORD13431
2026-07-15,Sunflower Oil 1L,27,185,CUST009,North,ORD13432
2026-07-15,Tea Powder 500g,12,240,CUST032,North,ORD13433
2026-07-15,Wheat Flour 10kg,10,430,CUST037,East,ORD13434
2026-07-15,Toor Dal 1kg,18,160,CUST037,North,ORD13435
2026-07-15,Milk Powder 500g,16,275,CUST031,North,ORD13436
2026-07-15,Spice Mix Pack,25,95,CUST018,East,ORD13437
2026-07-16,Tea Powder 500g,17,240,CUST028,East,ORD13438
2026-07-16,Toor Dal 1kg,30,160,CUST001,North,ORD13439
2026-07-17,Basmati Rice 5kg,13,520,CUST025,East,ORD13440
2026-07-17,Wheat Flour 10kg,9,430,CUST038,South,ORD13441
2026-07-17,Spice Mix Pack,36,95,CUST024,North,ORD13442
2026-07-18,Basmati Rice 5kg,18,520,CUST049,East,ORD13443
2026-07-18,Toor Dal 1kg,29,160,CUST050,East,ORD13444
2026-07-18,Milk Powder 500g,33,275,CUST022,East,ORD13445
2026-07-19,Basmati Rice 5kg,13,520,CUST014,East,ORD13446
2026-07-19,Toor Dal 1kg,25,160,CUST004,West,ORD13447
2026-07-20,Tea Powder 500g,19,240,CUST022,South,ORD13448
2026-07-20,Wheat Flour 10kg,8,430,CUST002,North,ORD13449
2026-07-20,Toor Dal 1kg,19,160,CUST014,West,ORD13450
2026-07-20,Detergent Powder 2kg,7,310,CUST034,North,ORD13451
2026-07-20,Milk Powder 500g,13,275,CUST045,North,ORD13452
2026-07-20,Spice Mix Pack,32,95,CUST003,East,ORD13453
2026-07-21,Basmati Rice 5kg,14,520,CUST012,North,ORD13454
2026-07-21,Sunflower Oil 1L,18,185,CUST022,West,ORD13455
2026-07-21,Tea Powder 500g,18,240,CUST012,East,ORD13456
2026-07-21,Wheat Flour 10kg,9,430,CUST045,West,ORD13457
2026-07-21,Milk Powder 500g,14,275,CUST022,East,ORD13458
2026-07-21,Spice Mix Pack,10,95,CUST036,North,ORD13459
2026-07-22,Tea Powder 500g,21,240,CUST050,North,ORD13460
2026-07-22,Wheat Flour 10kg,9,430,CUST010,West,ORD13461
2026-07-22,Toor Dal 1kg,24,160,CUST028,South,ORD13462
2026-07-23,Basmati Rice 5kg,11,520,CUST045,North,ORD13463
2026-07-23,Tea Powder 500g,16,240,CUST004,North,ORD13464
2026-07-23,Toor Dal 1kg,21,160,CUST005,East,ORD13465
2026-07-23,Milk Powder 500g,24,275,CUST015,East,ORD13466
2026-07-23,Spice Mix Pack,34,95,CUST036,West,ORD13467
2026-07-24,Tea Powder 500g,26,240,CUST041,West,ORD13468
2026-07-24,Wheat Flour 10kg,12,430,CUST020,South,ORD13469
2026-07-25,Basmati Rice 5kg,16,520,CUST028,West,ORD13470
2026-07-25,Sunflower Oil 1L,36,185,CUST019,North,ORD13471
2026-07-25,Wheat Flour 10kg,16,430,CUST040,East,ORD13472
2026-07-25,Toor Dal 1kg,26,160,CUST030,North,ORD13473
2026-07-25,Spice Mix Pack,41,95,CUST043,South,ORD13474
2026-07-26,Basmati Rice 5kg,12,520,CUST042,South,ORD13475
2026-07-26,Sunflower Oil 1L,24,185,CUST020,South,ORD13476
2026-07-26,Tea Powder 500g,15,240,CUST019,South,ORD13477
2026-07-26,Wheat Flour 10kg,12,430,CUST041,South,ORD13478
2026-07-26,Detergent Powder 2kg,3,310,CUST013,East,ORD13479
2026-07-27,Sunflower Oil 1L,30,185,CUST031,West,ORD13480
2026-07-27,Toor Dal 1kg,18,160,CUST029,West,ORD13481
2026-07-27,Detergent Powder 2kg,8,310,CUST026,South,ORD13482
2026-07-27,Milk Powder 500g,18,275,CUST035,East,ORD13483
2026-07-27,Spice Mix Pack,27,95,CUST040,North,ORD13484
2026-07-28,Basmati Rice 5kg,10,520,CUST027,South,ORD13485
2026-07-28,Sunflower Oil 1L,21,185,CUST009,North,ORD13486
2026-07-28,Tea Powder 500g,22,240,CUST049,South,ORD13487
2026-07-28,Wheat Flour 10kg,9,430,CUST029,East,ORD13488
2026-07-28,Toor Dal 1kg,25,160,CUST013,East,ORD13489
2026-07-28,Milk Powder 500g,21,275,CUST043,South,ORD13490
2026-07-28,Spice Mix Pack,29,95,CUST008,North,ORD13491
2026-07-29,Basmati Rice 5kg,8,520,CUST038,North,ORD13492
2026-07-29,Sunflower Oil 1L,19,185,CUST030,North,ORD13493
2026-07-29,Tea Powder 500g,20,240,CUST027,West,ORD13494
2026-07-29,Wheat Flour 10kg,16,430,CUST035,West,ORD13495
2026-07-29,Toor Dal 1kg,25,160,CUST023,North,ORD13496
2026-07-29,Spice Mix Pack,31,95,CUST017,South,ORD13497
2026-07-30,Basmati Rice 5kg,7,520,CUST018,East,ORD13498
2026-07-30,Tea Powder 500g,24,240,CUST048,North,ORD13499
2026-07-30,Wheat Flour 10kg,12,430,CUST031,South,ORD13500
2026-07-30,Milk Powder 500g,22,275,CUST023,South,ORD13501
2026-07-30,Spice Mix Pack,28,95,CUST045,West,ORD13502
2026-07-31,Sunflower Oil 1L,26,185,CUST005,West,ORD13503
2026-07-31,Tea Powder 500g,18,240,CUST025,South,ORD13504
2026-07-31,Wheat Flour 10kg,10,430,CUST001,North,ORD13505
2026-07-31,Toor Dal 1kg,23,160,CUST047,West,ORD13506
